id,name,age,gender,department,job_title,salary,experience,joining_year,performance_score,employment_status,location,validation_error
952,Aditya Agarwal,23,Male,Marketing,Digital Marketing Manager,110000,4,2016,6.0,On Leave,Pune,
1513,Amit Mishra,38,Female,Marketing,Digital Marketing Manager,110000,3,2022,5.2,Active,Delhi,
1888,Manish Pandey,55,Male,Marketing,Digital Marketing Manager,110000,10,2024,8.8,On Leave,Mumbai,
2118,Vikram Mishra,42,Male,Marketing,Digital Marketing Manager,110000,7,2016,7.7,Active,Bangalore,
2218,Manish Shah,48,Female,Marketing,Digital Marketing Manager,110000,4,2021,6.2,Active,Bangalore,
3427,Yash Shah,37,Male,Marketing,Digital Marketing Manager,110000,13,2020,9.1,Active,Hyderabad,
3967,Yash Agarwal,55,Male,Marketing,Digital Marketing Manager,110000,6,2011,5.2,Inactive,Lucknow,
4497,Simran Patel,30,Male,Marketing,Digital Marketing Manager,110000,4,2014,9.7,Inactive,Delhi,
822,Priya Kumar,30,Male,Marketing,Digital Marketing Manager,109000,6,2013,5.3,Inactive,Hyderabad,
867,Simran Chauhan,34,Male,Marketing,Digital Marketing Manager,109000,12,2018,5.5,Active,Hyderabad,
1416,Tanvi Gupta,50,Female,Marketing,Digital Marketing Manager,109000,18,2020,7.4,Active,Hyderabad,
1995,Rohan Gupta,53,Male,Marketing,Digital Marketing Manager,109000,28,2018,8.0,Active,Noida,
2408,Nandini Tiwari,27,Male,Marketing,Digital Marketing Manager,109000,9,2011,5.4,Active,Kanpur,
2579,Aarav Singh,45,Male,Marketing,Digital Marketing Manager,109000,9,2016,8.6,Active,Pune,
2683,Amit Patel,28,Male,Marketing,Digital Marketing Manager,109000,5,2012,7.9,Active,Chennai,
2906,Sahil Saxena,38,Female,Marketing,Digital Marketing Manager,109000,9,2021,8.4,Inactive,Lucknow,
3124,Shreya Sharma,27,Male,Marketing,Digital Marketing Manager,109000,4,2025,9.9,Active,Hyderabad,
4303,Amit Sharma,37,Female,Marketing,Digital Marketing Manager,109000,18,2014,5.6,On Leave,Gurgaon,
4844,Neha Sinha,45,Female,Marketing,Digital Marketing Manager,109000,1,2016,6.7,Active,Pune,
645,Rohan Sinha,24,Male,Marketing,Digital Marketing Manager,108000,6,2026,6.1,Active,Pune,
1183,Amit Tiwari,27,Female,Marketing,Digital Marketing Manager,108000,10,2011,9.3,Active,Chennai,
2637,Simran Kumar,46,Female,Marketing,Digital Marketing Manager,108000,9,2018,5.1,Active,Noida,
2784,Kavya Jain,37,Female,Marketing,Digital Marketing Manager,108000,7,2010,9.1,Active,Hyderabad,
3024,Kavya Joshi,26,Female,Marketing,Digital Marketing Manager,108000,2,2022,5.4,On Leave,Mumbai,
3172,Aditya Singh,51,Female,Marketing,Digital Marketing Manager,108000,1,2021,9.0,Active,Delhi,
3193,Amit Gupta,32,Female,Marketing,Digital Marketing Manager,108000,3,2022,6.5,Active,Mumbai,
3274,Shreya Chauhan,45,Female,Marketing,Digital Marketing Manager,108000,21,2013,8.9,Active,Mumbai,
3305,Akash Patel,42,Female,Marketing,Digital Marketing Manager,108000,0,2016,8.8,Active,Pune,
3308,Nandini Patel,55,Female,Marketing,Digital Marketing Manager,108000,12,2014,6.6,Active,Kanpur,
3671,Rahul Pandey,22,Female,Marketing,Digital Marketing Manager,108000,3,2022,8.3,Active,Bangalore,
3838,Manish Kumar,44,Male,Marketing,Digital Marketing Manager,108000,22,2016,6.4,Active,Hyderabad,
4164,Kavya Bansal,26,Male,Marketing,Digital Marketing Manager,108000,6,2019,7.8,Active,Mumbai,
4180,Divya Bansal,21,Female,Marketing,Digital Marketing Manager,108000,5,2020,9.8,Active,Noida,
4510,Divya Patel,24,Female,Marketing,Digital Marketing Manager,108000,0,2015,8.8,Active,Pune,
5025,Rohan Kumar,25,Female,Marketing,Digital Marketing Manager,108000,0,2017,5.9,Active,Hyderabad,
2044,Shreya Kumar,55,Male,Marketing,Digital Marketing Manager,107000,23,2023,9.4,Active,Gurgaon,
2337,Simran Malhotra,22,Male,Marketing,Digital Marketing Manager,107000,5,2013,8.8,On Leave,Lucknow,
2789,Aarav Jain,26,Female,Marketing,Digital Marketing Manager,107000,3,2012,7.9,Active,Bangalore,
3257,Ananya Chauhan,27,Male,Marketing,Digital Marketing Manager,107000,6,2025,8.0,Active,Pune,
3753,Varun Verma,34,Male,Marketing,Digital Marketing Manager,107000,7,2018,9.9,Active,Delhi,
126,Tanvi Sharma,50,Male,Marketing,Digital Marketing Manager,106000,9,2025,5.9,Active,Kanpur,
546,Tanvi Malhotra,24,Female,Marketing,Digital Marketing Manager,106000,8,2012,8.4,Active,Mumbai,
857,Ananya Chauhan,25,Female,Marketing,Digital Marketing Manager,106000,5,2020,8.5,Active,Bangalore,
2482,Aditya Pandey,31,Female,Marketing,Digital Marketing Manager,106000,10,2019,6.4,On Leave,Hyderabad,
2819,Aarav Shah,37,Female,Marketing,Digital Marketing Manager,106000,3,2016,7.1,Active,Hyderabad,
3139,Sneha Verma,27,Female,Marketing,Digital Marketing Manager,106000,9,2014,9.1,On Leave,Pune,
3991,Ravi Jain,41,Female,Marketing,Digital Marketing Manager,106000,2,2016,8.6,Active,Mumbai,
4244,Neha Sinha,21,Female,Marketing,Digital Marketing Manager,106000,2,2022,7.2,Active,Noida,
4258,Manish Sinha,47,Female,Marketing,Digital Marketing Manager,106000,12,2019,9.9,On Leave,Mumbai,
1982,Meera Singh,52,Male,Marketing,Digital Marketing Manager,105000,29,2025,8.2,Active,Gurgaon,
3247,Yash Kumar,45,Female,Marketing,Digital Marketing Manager,105000,10,2015,7.4,Active,Kanpur,
4065,Rohan Yadav,48,Male,Marketing,Digital Marketing Manager,105000,29,2023,9.8,Active,Hyderabad,
4350,Ishita Verma,30,Male,Marketing,Digital Marketing Manager,105000,10,2021,7.9,Active,Gurgaon,
577,Yash Bansal,45,Male,Marketing,Digital Marketing Manager,104000,29,2019,9.7,On Leave,Chennai,
885,Rohan Patel,35,Female,Marketing,Digital Marketing Manager,104000,4,2012,7.3,Active,Chennai,
1433,Nikhil Kumar,23,Female,Marketing,Digital Marketing Manager,104000,5,2024,8.9,Active,Lucknow,
1785,Rohan Tiwari,41,Female,Marketing,Digital Marketing Manager,104000,13,2018,8.3,On Leave,Bangalore,
2815,Riya Shah,25,Female,Marketing,Digital Marketing Manager,104000,2,2019,7.1,Inactive,Delhi,
2943,Varun Malhotra,21,Female,Marketing,Digital Marketing Manager,104000,1,2017,7.8,Active,Mumbai,
3088,Manish Pandey,34,Female,Marketing,Digital Marketing Manager,104000,1,2020,7.7,Active,Pune,
4727,Ananya Malhotra,27,Female,Marketing,Digital Marketing Manager,104000,2,2026,5.1,Inactive,Delhi,
153,Varun Verma,41,Female,Marketing,Digital Marketing Manager,103000,24,2023,9.5,Active,Chennai,
1157,Ananya Bansal,27,Male,Marketing,Digital Marketing Manager,103000,5,2013,5.1,Active,Chennai,
1945,Riya Verma,52,Female,Marketing,Digital Marketing Manager,103000,19,2026,6.7,Active,Hyderabad,
2003,Nikhil Gupta,38,Male,Marketing,Digital Marketing Manager,103000,17,2017,9.4,Active,Lucknow,
2166,Tanvi Agarwal,23,Male,Marketing,Digital Marketing Manager,103000,2,2013,9.1,Active,Kanpur,
2516,Sahil Sharma,49,Male,Marketing,Digital Marketing Manager,103000,8,2017,5.1,Active,Chennai,
2634,Kavya Kumar,42,Male,Marketing,Digital Marketing Manager,103000,12,2025,9.2,Active,Noida,
3048,Vikram Sinha,26,Male,Marketing,Digital Marketing Manager,103000,4,2020,6.3,Active,Lucknow,
3608,Nandini Tiwari,42,Male,Marketing,Digital Marketing Manager,103000,19,2013,9.4,Active,Delhi,
3917,Ananya Mishra,41,Female,Marketing,Digital Marketing Manager,103000,1,2012,9.0,Active,Lucknow,
4698,Vikram Saxena,26,Female,Marketing,Digital Marketing Manager,103000,1,2025,5.1,Active,Mumbai,
4713,Varun Saxena,50,Female,Marketing,Digital Marketing Manager,103000,10,2023,6.0,Active,Hyderabad,
5076,Tanvi Chauhan,27,Male,Marketing,Digital Marketing Manager,103000,5,2020,9.1,Active,Gurgaon,
668,Nandini Sinha,25,Female,Marketing,Digital Marketing Manager,102000,2,2020,9.4,Active,Kanpur,
765,Rohan Singh,35,Female,Marketing,Digital Marketing Manager,102000,2,2011,5.7,Inactive,Chennai,
2929,Sneha Malhotra,42,Female,Marketing,Digital Marketing Manager,102000,2,2011,6.7,Active,Gurgaon,
3089,Aarav Pandey,52,Male,Marketing,Digital Marketing Manager,102000,29,2026,8.1,Active,Hyderabad,
3225,Rohan Kumar,40,Female,Marketing,Digital Marketing Manager,102000,4,2017,6.6,Active,Kanpur,
3530,Karan Malhotra,43,Male,Marketing,Digital Marketing Manager,102000,27,2013,5.2,Active,Hyderabad,
3775,Riya Singh,43,Female,Marketing,Digital Marketing Manager,102000,23,2011,7.9,Active,Delhi,
4526,Sahil Mishra,30,Male,Marketing,Digital Marketing Manager,102000,2,2021,7.0,Active,Noida,
4685,Akash Yadav,44,Male,Marketing,Digital Marketing Manager,102000,7,2016,9.0,Active,Bangalore,
112,Aditya Sharma,25,Female,Marketing,Digital Marketing Manager,101000,6,2026,9.9,On Leave,Kanpur,
294,Kavya Patel,33,Female,Marketing,Digital Marketing Manager,101000,5,2025,7.5,Active,Pune,
1366,Arjun Singh,46,Female,Marketing,Digital Marketing Manager,101000,12,2021,9.2,Active,Delhi,
1996,Arjun Gupta,30,Female,Marketing,Digital Marketing Manager,101000,7,2011,5.2,Active,Delhi,
2117,Ananya Mishra,41,Male,Marketing,Digital Marketing Manager,101000,18,2015,6.9,Active,Kanpur,
3314,Neha Mishra,54,Female,Marketing,Digital Marketing Manager,101000,3,2017,9.3,Inactive,Hyderabad,
3531,Pooja Malhotra,45,Male,Marketing,Digital Marketing Manager,101000,8,2013,6.7,Active,Delhi,
4310,Karan Sharma,28,Female,Marketing,Digital Marketing Manager,101000,2,2013,7.1,Active,Hyderabad,
4369,Sneha Singh,47,Female,Marketing,Digital Marketing Manager,101000,2,2019,8.7,Active,Chennai,
4547,Ananya Agarwal,51,Male,Marketing,Digital Marketing Manager,101000,7,2011,8.3,Active,Hyderabad,
4609,Sneha Shah,36,Female,Marketing,Digital Marketing Manager,101000,15,2023,9.3,Active,Mumbai,
4637,Ananya Mehta,45,Female,Marketing,Digital Marketing Manager,101000,7,2017,8.1,Active,Hyderabad,
4784,Neha Tiwari,32,Male,Marketing,Digital Marketing Manager,101000,5,2020,5.4,Active,Hyderabad,
300,Ishita Patel,42,Male,Marketing,Digital Marketing Manager,100000,25,2014,6.6,Active,Bangalore,
271,Ravi Chauhan,44,Female,Marketing,Digital Marketing Manager,99000,13,2022,9.9,Active,Chennai,
625,Riya Joshi,37,Female,Marketing,Digital Marketing Manager,99000,1,2019,5.9,Active,Hyderabad,
719,Aarav Sharma,30,Male,Marketing,Digital Marketing Manager,99000,11,2014,5.7,On Leave,Chennai,
1317,Simran Sharma,47,Female,Marketing,Digital Marketing Manager,99000,20,2019,8.5,Active,Gurgaon,
1488,Vikram Patel,51,Male,Marketing,Digital Marketing Manager,99000,14,2014,6.6,Active,Lucknow,
2252,Meera Mehta,28,Female,Marketing,Digital Marketing Manager,99000,1,2014,7.9,Active,Gurgaon,
2544,Kavya Verma,36,Male,Marketing,Digital Marketing Manager,99000,19,2010,9.6,Active,Pune,
2862,Priya Yadav,43,Male,Marketing,Digital Marketing Manager,99000,23,2025,8.8,On Leave,Pune,
3699,Mohit Pandey,36,Female,Marketing,Digital Marketing Manager,99000,15,2010,9.6,Active,Kanpur,
136,Arjun Verma,37,Male,Marketing,Digital Marketing Manager,98000,5,2010,5.4,On Leave,Bangalore,
924,Kavya Mishra,37,Female,Marketing,Digital Marketing Manager,98000,18,2024,8.7,Active,Bangalore,
1225,Riya Joshi,34,Female,Marketing,Digital Marketing Manager,98000,4,2026,5.3,Active,Delhi,
1515,Rohan Mishra,54,Male,Marketing,Digital Marketing Manager,98000,1,2010,7.8,Active,Hyderabad,
2646,Tanvi Kumar,33,Male,Marketing,Digital Marketing Manager,98000,16,2010,9.2,On Leave,Kanpur,
3012,Priya Joshi,46,Female,Marketing,Digital Marketing Manager,98000,21,2023,7.9,Active,Lucknow,
3679,Sneha Pandey,52,Female,Marketing,Digital Marketing Manager,98000,12,2021,9.0,Active,Hyderabad,
3746,Sahil Verma,33,Male,Marketing,Digital Marketing Manager,98000,5,2023,7.2,Active,Hyderabad,
3757,Yash Verma,46,Female,Marketing,Digital Marketing Manager,98000,20,2018,9.7,Active,Pune,
3813,Varun Gupta,26,Male,Marketing,Digital Marketing Manager,98000,7,2020,9.0,Active,Lucknow,
4780,Divya Bansal,23,Female,Marketing,Digital Marketing Manager,98000,2,2019,9.4,On Leave,Chennai,
4830,Ishita Joshi,43,Female,Marketing,Digital Marketing Manager,98000,25,2020,5.8,Active,Mumbai,
293,Nikhil Patel,24,Male,Marketing,Digital Marketing Manager,97000,4,2017,9.1,Inactive,Hyderabad,
795,Rohan Gupta,26,Female,Marketing,Digital Marketing Manager,97000,3,2024,5.8,Active,Pune,
1425,Rohan Kumar,32,Female,Marketing,Digital Marketing Manager,97000,3,2023,5.9,Active,Mumbai,
1574,Neha Jain,33,Female,Marketing,Digital Marketing Manager,97000,11,2021,6.1,Active,Delhi,
2715,Rohan Mishra,35,Male,Marketing,Digital Marketing Manager,97000,13,2015,9.7,Active,Noida,
4125,Rohan Malhotra,42,Female,Marketing,Digital Marketing Manager,97000,1,2021,7.3,Active,Lucknow,
4216,Arjun Joshi,55,Female,Marketing,Digital Marketing Manager,97000,22,2024,9.3,Active,Pune,
4376,Sahil Singh,32,Female,Marketing,Digital Marketing Manager,97000,16,2011,5.9,Active,Chennai,
771,Pooja Singh,53,Male,Marketing,Digital Marketing Manager,96000,1,2025,7.3,Active,Noida,
1396,Arjun Gupta,39,Female,Marketing,Digital Marketing Manager,96000,21,2012,7.4,Active,Gurgaon,
1747,Yash Malhotra,32,Female,Marketing,Digital Marketing Manager,96000,15,2020,5.7,Active,Pune,
2142,Priya Agarwal,44,Female,Marketing,Digital Marketing Manager,96000,27,2018,6.7,Active,Gurgaon,
2987,Ananya Tiwari,36,Female,Marketing,Digital Marketing Manager,96000,0,2026,8.9,Active,Gurgaon,
3184,Shreya Singh,33,Male,Marketing,Digital Marketing Manager,96000,10,2020,8.0,Active,Noida,
3189,Mohit Singh,54,Male,Marketing,Digital Marketing Manager,96000,20,2010,5.2,Active,Bangalore,
3848,Nandini Kumar,55,Female,Marketing,Digital Marketing Manager,96000,15,2025,5.3,Active,Chennai,
4501,Ravi Patel,43,Female,Marketing,Digital Marketing Manager,96000,5,2023,5.2,Active,Pune,
4679,Aarav Yadav,38,Male,Marketing,Digital Marketing Manager,96000,9,2010,5.9,Active,Hyderabad,
197,Ananya Gupta,23,Male,Marketing,Digital Marketing Manager,95000,5,2022,7.5,Active,Noida,
978,Vikram Jain,33,Female,Marketing,Digital Marketing Manager,95000,17,2020,9.9,Active,Kanpur,
1056,Tanvi Mehta,25,Male,Marketing,Digital Marketing Manager,95000,5,2023,6.1,Active,Delhi,
1273,Amit Pandey,25,Male,Marketing,Digital Marketing Manager,95000,7,2012,5.6,Active,Delhi,
2395,Riya Tiwari,46,Female,Marketing,Digital Marketing Manager,95000,27,2021,9.8,On Leave,Lucknow,
2795,Akash Jain,45,Male,Marketing,Digital Marketing Manager,95000,5,2010,6.4,Active,Kanpur,
3345,Rohan Agarwal,28,Female,Marketing,Digital Marketing Manager,95000,6,2025,5.0,Active,Kanpur,
4816,Arjun Joshi,26,Male,Marketing,Digital Marketing Manager,95000,6,2013,7.4,Active,Bangalore,
206,Sahil Gupta,27,Female,Marketing,Digital Marketing Manager,94000,3,2019,5.1,On Leave,Pune,
252,Priya Chauhan,26,Female,Marketing,Digital Marketing Manager,94000,10,2010,6.5,Inactive,Hyderabad,
1034,Neha Mehta,53,Female,Marketing,Digital Marketing Manager,94000,22,2011,9.6,Active,Mumbai,
2829,Mohit Shah,28,Male,Marketing,Digital Marketing Manager,94000,4,2010,5.7,Active,Chennai,
3407,Ananya Shah,45,Male,Marketing,Digital Marketing Manager,94000,9,2012,7.3,Active,Delhi,
3723,Varun Sharma,22,Female,Marketing,Digital Marketing Manager,94000,3,2021,8.0,Active,Mumbai,
3996,Tanvi Jain,39,Female,Marketing,Digital Marketing Manager,94000,4,2013,9.8,Active,Pune,
1764,Kavya Bansal,55,Female,Marketing,Digital Marketing Manager,93000,6,2010,9.3,Active,Pune,
1803,Varun Tiwari,38,Female,Marketing,Digital Marketing Manager,93000,0,2021,7.8,Active,Delhi,
2888,Nandini Yadav,35,Male,Marketing,Digital Marketing Manager,93000,15,2010,7.0,Active,Chennai,
4089,Mohit Yadav,35,Male,Marketing,Digital Marketing Manager,93000,10,2014,8.0,Active,Noida,
4156,Arjun Bansal,51,Male,Marketing,Digital Marketing Manager,93000,24,2011,9.5,Active,Chennai,
4361,Rahul Singh,49,Male,Marketing,Digital Marketing Manager,93000,15,2017,9.3,Active,Lucknow,
4458,Vikram Chauhan,36,Male,Marketing,Digital Marketing Manager,93000,10,2026,9.6,Active,Pune,
4895,Akash Pandey,45,Male,Marketing,Digital Marketing Manager,93000,8,2022,6.7,Active,Lucknow,
306,Tanvi Patel,41,Female,Marketing,Digital Marketing Manager,92000,5,2021,8.1,Active,Mumbai,
691,Ravi Pandey,51,Female,Marketing,Digital Marketing Manager,92000,4,2024,9.6,Active,Noida,
710,Karan Sharma,48,Male,Marketing,Digital Marketing Manager,92000,25,2017,8.3,Active,Gurgaon,
1403,Nikhil Gupta,53,Male,Marketing,Digital Marketing Manager,92000,11,2021,8.9,Inactive,Noida,
2411,Rahul Joshi,39,Male,Marketing,Digital Marketing Manager,92000,20,2021,8.1,Active,Chennai,
3119,Aarav Sharma,40,Female,Marketing,Digital Marketing Manager,92000,3,2021,6.1,Active,Bangalore,
3417,Simran Shah,38,Female,Marketing,Digital Marketing Manager,92000,20,2017,6.6,On Leave,Chennai,
3587,Ananya Tiwari,37,Male,Marketing,Digital Marketing Manager,92000,16,2015,5.9,Active,Hyderabad,
3676,Arjun Pandey,21,Female,Marketing,Digital Marketing Manager,92000,4,2023,8.8,Active,Noida,
3720,Ishita Sharma,28,Female,Marketing,Digital Marketing Manager,92000,9,2019,8.7,Active,Delhi,
4598,Nandini Jain,54,Male,Marketing,Digital Marketing Manager,92000,1,2012,9.9,Active,Delhi,
4627,Yash Shah,45,Female,Marketing,Digital Marketing Manager,92000,6,2010,9.0,Active,Bangalore,
427,Yash Shah,37,Female,Marketing,Digital Marketing Manager,91000,10,2020,6.4,Active,Mumbai,
637,Yash Joshi,44,Male,Marketing,Digital Marketing Manager,91000,13,2017,6.9,Active,Lucknow,
1024,Shreya Shah,35,Female,Marketing,Digital Marketing Manager,91000,19,2015,8.1,Active,Chennai,
1301,Rahul Sharma,53,Male,Marketing,Digital Marketing Manager,91000,27,2011,5.3,Active,Lucknow,
1529,Aarav Mishra,53,Male,Marketing,Digital Marketing Manager,91000,22,2013,8.6,Active,Noida,
1638,Vikram Mehta,52,Female,Marketing,Digital Marketing Manager,91000,30,2024,8.0,Active,Chennai,
2565,Rohan Singh,25,Male,Marketing,Digital Marketing Manager,91000,3,2022,5.1,Active,Chennai,
3330,Ishita Mishra,33,Male,Marketing,Digital Marketing Manager,91000,11,2021,7.8,Active,Bangalore,
3834,Kavya Kumar,25,Female,Marketing,Digital Marketing Manager,91000,5,2013,8.2,Active,Hyderabad,
4020,Ishita Shah,53,Male,Marketing,Digital Marketing Manager,91000,28,2025,5.3,Inactive,Mumbai,
4432,Aditya Kumar,52,Male,Marketing,Digital Marketing Manager,91000,17,2025,8.9,Active,Mumbai,
4795,Riya Tiwari,42,Male,Marketing,Digital Marketing Manager,91000,0,2010,6.2,Active,Lucknow,
5035,Riya Kumar,46,Female,Marketing,Digital Marketing Manager,91000,20,2018,9.7,Inactive,Kanpur,
929,Aarav Mishra,23,Female,Marketing,Digital Marketing Manager,90000,6,2024,8.9,Active,Gurgaon,
3878,Nandini Chauhan,42,Male,Marketing,Digital Marketing Manager,90000,23,2014,8.6,Active,Bangalore,
4410,Ishita Gupta,51,Male,Marketing,Digital Marketing Manager,90000,10,2021,8.7,Active,Delhi,
4745,Akash Malhotra,46,Male,Marketing,Digital Marketing Manager,90000,4,2015,9.6,Active,Bangalore,
2726,Sahil Mishra,42,Male,Marketing,Digital Marketing Manager,89000,26,2020,6.1,Active,Pune,
2905,Riya Saxena,44,Female,Marketing,Digital Marketing Manager,89000,7,2010,7.5,Active,Delhi,
4025,Akash Shah,43,Female,Marketing,Digital Marketing Manager,89000,20,2012,6.5,Active,Mumbai,
103,Amit Sharma,47,Male,Marketing,Digital Marketing Manager,88000,7,2010,8.5,Active,Bangalore,
502,Aditya Saxena,42,Female,Marketing,Digital Marketing Manager,88000,11,2012,9.1,Active,Pune,
1725,Rohan Malhotra,42,Male,Marketing,Digital Marketing Manager,88000,21,2014,8.8,Active,Gurgaon,
2508,Vikram Sharma,32,Female,Marketing,Digital Marketing Manager,88000,2,2017,8.9,Active,Kanpur,
2638,Manish Kumar,48,Male,Marketing,Digital Marketing Manager,88000,21,2022,9.4,Active,Kanpur,
2658,Vikram Chauhan,25,Male,Marketing,Digital Marketing Manager,88000,8,2026,6.0,Active,Bangalore,
3283,Amit Patel,41,Female,Marketing,Digital Marketing Manager,88000,21,2011,8.6,Active,Mumbai,
4386,Tanvi Singh,47,Male,Marketing,Digital Marketing Manager,88000,19,2025,9.0,On Leave,Delhi,
4566,Tanvi Agarwal,32,Female,Marketing,Digital Marketing Manager,88000,8,2026,8.6,On Leave,Bangalore,
4766,Sahil Bansal,36,Male,Marketing,Digital Marketing Manager,88000,10,2020,8.7,Active,Delhi,
1975,Riya Singh,49,Male,Marketing,Digital Marketing Manager,87000,13,2025,6.0,Active,Hyderabad,
2532,Priya Verma,24,Male,Marketing,Digital Marketing Manager,87000,1,2014,6.6,Active,Chennai,
2764,Shreya Agarwal,45,Female,Marketing,Digital Marketing Manager,87000,2,2021,5.8,Active,Chennai,
3183,Varun Singh,22,Male,Marketing,Digital Marketing Manager,87000,6,2017,7.0,Active,Bangalore,
4530,Ishita Mishra,49,Male,Marketing,Digital Marketing Manager,87000,2,2012,8.4,Active,Hyderabad,
205,Riya Gupta,40,Female,Marketing,Digital Marketing Manager,86000,20,2024,6.0,Active,Chennai,
368,Nandini Agarwal,39,Female,Marketing,Digital Marketing Manager,86000,23,2020,6.4,Active,Hyderabad,
721,Ravi Sharma,21,Female,Marketing,Digital Marketing Manager,86000,4,2026,7.1,Active,Hyderabad,
921,Pooja Mishra,29,Female,Marketing,Digital Marketing Manager,86000,11,2013,7.6,Active,Hyderabad,
1001,Rahul Shah,49,Female,Marketing,Digital Marketing Manager,86000,2,2026,9.6,On Leave,Chennai,
2571,Pooja Singh,43,Female,Marketing,Digital Marketing Manager,86000,2,2015,5.4,Active,Mumbai,
2748,Vikram Agarwal,22,Male,Marketing,Digital Marketing Manager,86000,0,2018,8.8,Active,Mumbai,
3115,Riya Sharma,24,Male,Marketing,Digital Marketing Manager,86000,7,2019,6.7,Active,Chennai,
3439,Sneha Mehta,39,Female,Marketing,Digital Marketing Manager,86000,9,2023,7.0,Inactive,Delhi,
4641,Pooja Mehta,50,Female,Marketing,Digital Marketing Manager,86000,24,2026,9.3,Active,Bangalore,
4874,Neha Pandey,26,Female,Marketing,Digital Marketing Manager,86000,4,2013,7.0,Active,Kanpur,
343,Amit Agarwal,27,Female,Marketing,Marketing Analyst,85000,11,2016,6.6,Active,Mumbai,
461,Rahul Yadav,55,Female,Marketing,Digital Marketing Manager,85000,21,2025,5.4,Inactive,Kanpur,
1112,Meera Saxena,34,Female,Marketing,Marketing Analyst,85000,9,2013,5.9,Inactive,Hyderabad,
1335,Rohan Verma,52,Female,Marketing,Digital Marketing Manager,85000,19,2010,6.3,Active,Pune,
1575,Rohan Jain,55,Male,Marketing,Marketing Analyst,85000,20,2023,6.0,Active,Bangalore,
1741,Ravi Malhotra,31,Male,Marketing,Digital Marketing Manager,85000,3,2019,7.0,Active,Bangalore,
1753,Amit Bansal,25,Female,Marketing,Marketing Analyst,85000,7,2017,9.2,Active,Lucknow,
1969,Sneha Singh,34,Female,Marketing,Digital Marketing Manager,85000,0,2013,7.0,Active,Delhi,
2280,Ishita Yadav,21,Male,Marketing,Marketing Analyst,85000,1,2010,5.0,Active,Hyderabad,
3045,Rohan Sinha,32,Male,Marketing,Marketing Analyst,85000,5,2019,6.6,On Leave,Mumbai,
3050,Karan Sinha,35,Male,Marketing,Digital Marketing Manager,85000,16,2021,7.7,Active,Pune,
3219,Mohit Gupta,32,Female,Marketing,Marketing Analyst,85000,5,2012,7.5,On Leave,Pune,
3320,Karan Mishra,30,Male,Marketing,Marketing Analyst,85000,14,2013,6.9,Active,Chennai,
3884,Neha Patel,26,Male,Marketing,Digital Marketing Manager,85000,10,2018,7.7,On Leave,Kanpur,
3992,Meera Jain,42,Male,Marketing,Marketing Analyst,85000,11,2023,8.3,Active,Noida,
4210,Divya Tiwari,37,Female,Marketing,Digital Marketing Manager,85000,12,2019,6.4,On Leave,Gurgaon,
4791,Pooja Tiwari,38,Female,Marketing,Marketing Analyst,85000,11,2012,9.0,Active,Pune,
5063,Nikhil Chauhan,45,Male,Marketing,Marketing Analyst,85000,4,2016,5.5,Inactive,Hyderabad,
397,Yash Jain,29,Male,Marketing,Marketing Analyst,84000,9,2011,5.5,Active,Chennai,
468,Vikram Yadav,36,Male,Marketing,Marketing Analyst,84000,1,2021,6.7,Active,Lucknow,
883,Amit Patel,53,Female,Marketing,Marketing Analyst,84000,6,2022,6.3,Active,Delhi,
1195,Riya Tiwari,25,Female,Marketing,Marketing Analyst,84000,3,2020,9.0,Active,Kanpur,
1337,Ananya Verma,24,Male,Marketing,Digital Marketing Manager,84000,4,2020,6.5,Active,Gurgaon,
1466,Sahil Chauhan,44,Female,Marketing,Digital Marketing Manager,84000,28,2015,7.3,Active,Hyderabad,
1525,Riya Mishra,36,Male,Marketing,Digital Marketing Manager,84000,7,2014,6.5,Inactive,Gurgaon,
1737,Simran Malhotra,30,Male,Marketing,Marketing Analyst,84000,8,2012,10.0,Active,Bangalore,
1936,Arjun Verma,34,Male,Marketing,Digital Marketing Manager,84000,6,2015,6.6,Active,Gurgaon,
2126,Sahil Mishra,53,Female,Marketing,Marketing Analyst,84000,2,2011,6.3,Active,Kanpur,
2183,Nikhil Jain,25,Male,Marketing,Marketing Analyst,84000,2,2025,5.4,Active,Bangalore,
2195,Akash Jain,31,Female,Marketing,Digital Marketing Manager,84000,14,2023,6.2,Active,Hyderabad,
2259,Mohit Mehta,34,Female,Marketing,Marketing Analyst,84000,6,2012,8.2,On Leave,Noida,
2500,Divya Pandey,54,Female,Marketing,Marketing Analyst,84000,11,2011,9.3,Active,Lucknow,
2701,Ravi Patel,34,Female,Marketing,Digital Marketing Manager,84000,14,2023,6.8,Active,Delhi,
2828,Nandini Shah,22,Female,Marketing,Digital Marketing Manager,84000,4,2018,9.3,Active,Gurgaon,
3091,Ravi Pandey,33,Female,Marketing,Marketing Analyst,84000,2,2021,8.0,Active,Noida,
3683,Nikhil Pandey,54,Female,Marketing,Marketing Analyst,84000,19,2017,6.7,Active,Chennai,
4248,Vikram Sinha,39,Male,Marketing,Digital Marketing Manager,84000,12,2022,5.4,Active,Kanpur,
4732,Aditya Malhotra,54,Male,Marketing,Marketing Analyst,84000,8,2010,6.7,Active,Pune,
5090,Karan Patel,35,Male,Marketing,Digital Marketing Manager,84000,8,2026,9.4,Active,Gurgaon,
196,Arjun Gupta,55,Male,Marketing,Marketing Analyst,83000,12,2016,7.9,Active,Pune,
587,Ananya Tiwari,32,Male,Marketing,Digital Marketing Manager,83000,6,2017,9.4,Active,Mumbai,
626,Sahil Joshi,41,Male,Marketing,Marketing Analyst,83000,23,2015,7.7,Active,Lucknow,
707,Ananya Sharma,28,Female,Marketing,Marketing Analyst,83000,5,2015,8.8,Active,Bangalore,
820,Divya Gupta,35,Male,Marketing,Marketing Analyst,83000,17,2023,9.3,On Leave,Chennai,
843,Varun Kumar,40,Male,Marketing,Marketing Analyst,83000,13,2012,9.2,Active,Lucknow,
850,Divya Kumar,38,Female,Marketing,Marketing Analyst,83000,14,2011,7.7,Active,Delhi,
911,Rahul Mishra,47,Female,Marketing,Marketing Analyst,83000,29,2026,9.7,Active,Kanpur,
944,Neha Agarwal,37,Female,Marketing,Marketing Analyst,83000,21,2016,5.2,Active,Gurgaon,
1029,Mohit Shah,22,Female,Marketing,Marketing Analyst,83000,6,2012,8.0,Active,Bangalore,
1181,Rahul Tiwari,55,Female,Marketing,Marketing Analyst,83000,13,2023,8.5,Inactive,Delhi,
1270,Divya Sinha,33,Male,Marketing,Digital Marketing Manager,83000,5,2012,8.1,Active,Mumbai,
1428,Vikram Kumar,36,Male,Marketing,Digital Marketing Manager,83000,5,2020,6.5,On Leave,Mumbai,
1499,Aarav Patel,53,Male,Marketing,Digital Marketing Manager,83000,5,2014,8.9,Active,Hyderabad,
2346,Tanvi Malhotra,51,Male,Marketing,Marketing Analyst,83000,4,2023,5.9,Active,Chennai,
2396,Sahil Tiwari,25,Female,Marketing,Marketing Analyst,83000,9,2024,9.0,Active,Chennai,
3075,Rohan Pandey,37,Female,Marketing,Marketing Analyst,83000,0,2019,6.3,Inactive,Pune,
3874,Shreya Chauhan,51,Male,Marketing,Digital Marketing Manager,83000,17,2015,6.4,Active,Chennai,
4143,Varun Malhotra,24,Female,Marketing,Digital Marketing Manager,83000,2,2020,6.0,On Leave,Noida,
4194,Kavya Tiwari,41,Male,Marketing,Marketing Analyst,83000,14,2022,8.6,Active,Noida,
4351,Ravi Verma,45,Female,Marketing,Digital Marketing Manager,83000,11,2015,8.3,Active,Bangalore,
4358,Nandini Verma,54,Female,Marketing,Marketing Analyst,83000,13,2011,7.1,Active,Lucknow,
4446,Tanvi Kumar,36,Female,Marketing,Digital Marketing Manager,83000,0,2011,7.7,Active,Noida,
268,Manish Chauhan,32,Male,Marketing,Digital Marketing Manager,82000,14,2014,8.6,Inactive,Kanpur,
503,Nikhil Saxena,46,Female,Marketing,Marketing Analyst,82000,30,2022,9.0,Active,Bangalore,
1388,Nandini Singh,48,Female,Marketing,Marketing Analyst,82000,23,2017,8.6,Active,Chennai,
1645,Riya Mehta,22,Female,Marketing,Marketing Analyst,82000,0,2024,5.9,Active,Kanpur,
2592,Priya Gupta,26,Male,Marketing,Marketing Analyst,82000,10,2010,5.1,Active,Kanpur,
3685,Riya Pandey,55,Male,Marketing,Digital Marketing Manager,82000,11,2015,6.2,Active,Lucknow,
4122,Priya Malhotra,31,Male,Marketing,Marketing Analyst,82000,4,2019,7.6,On Leave,Bangalore,
4239,Mohit Joshi,51,Male,Marketing,Digital Marketing Manager,82000,17,2023,7.9,On Leave,Delhi,
4631,Rahul Mehta,35,Female,Marketing,Digital Marketing Manager,82000,5,2018,5.5,Active,Pune,
4847,Ananya Sinha,24,Female,Marketing,Digital Marketing Manager,82000,3,2010,6.9,Active,Pune,
4997,Ananya Gupta,36,Male,Marketing,Marketing Analyst,82000,5,2014,6.3,Inactive,Hyderabad,
159,Mohit Verma,42,Male,Marketing,Digital Marketing Manager,81000,21,2024,9.9,Active,Pune,
526,Arjun Malhotra,24,Male,Marketing,Marketing Analyst,81000,6,2020,5.1,Active,Gurgaon,
575,Akash Bansal,34,Male,Marketing,Marketing Analyst,81000,16,2011,6.9,Active,Delhi,
726,Tanvi Sharma,37,Female,Marketing,Digital Marketing Manager,81000,1,2011,9.0,Active,Lucknow,
937,Yash Mishra,30,Female,Marketing,Digital Marketing Manager,81000,4,2011,5.9,Active,Lucknow,
959,Aarav Agarwal,27,Female,Marketing,Marketing Analyst,81000,0,2010,9.2,Active,Chennai,
964,Shreya Agarwal,21,Male,Marketing,Marketing Analyst,81000,3,2023,6.7,Inactive,Kanpur,
1067,Ananya Yadav,30,Male,Marketing,Digital Marketing Manager,81000,6,2011,6.8,Active,Kanpur,
1080,Ishita Yadav,37,Female,Marketing,Digital Marketing Manager,81000,8,2022,5.4,Active,Pune,
1188,Vikram Tiwari,48,Female,Marketing,Digital Marketing Manager,81000,4,2022,7.6,Active,Delhi,
1518,Vikram Mishra,41,Female,Marketing,Marketing Analyst,81000,23,2015,9.3,Active,Gurgaon,
1669,Sneha Yadav,22,Male,Marketing,Marketing Analyst,81000,3,2023,8.5,On Leave,Hyderabad,
2546,Sahil Verma,26,Male,Marketing,Marketing Analyst,81000,8,2018,9.9,On Leave,Lucknow,
2625,Rohan Kumar,38,Male,Marketing,Marketing Analyst,81000,0,2021,7.1,Active,Hyderabad,
2981,Rahul Tiwari,24,Female,Marketing,Digital Marketing Manager,81000,3,2021,6.9,Active,Noida,
3001,Ravi Tiwari,48,Female,Marketing,Digital Marketing Manager,81000,18,2015,6.2,Active,Delhi,
3031,Ravi Joshi,52,Female,Marketing,Marketing Analyst,81000,26,2025,8.1,Active,Mumbai,
3181,Ravi Singh,32,Male,Marketing,Digital Marketing Manager,81000,1,2019,5.8,Active,Mumbai,
3980,Karan Jain,44,Female,Marketing,Marketing Analyst,81000,14,2024,9.7,On Leave,Pune,
4133,Nikhil Malhotra,40,Female,Marketing,Digital Marketing Manager,81000,4,2010,5.3,Active,Kanpur,
4223,Nikhil Joshi,30,Female,Marketing,Marketing Analyst,81000,8,2024,5.2,Active,Bangalore,
4666,Arjun Yadav,37,Male,Marketing,Marketing Analyst,81000,4,2010,8.5,On Leave,Delhi,
4678,Manish Yadav,48,Male,Marketing,Marketing Analyst,81000,30,2011,5.9,Active,Hyderabad,
4717,Yash Saxena,33,Male,Marketing,Digital Marketing Manager,81000,12,2026,9.4,Active,Gurgaon,
4841,Rahul Sinha,33,Female,Marketing,Marketing Analyst,81000,15,2019,5.6,Active,Pune,
4978,Manish Singh,42,Female,Marketing,Digital Marketing Manager,81000,8,2025,9.5,Active,Delhi,
5062,Aditya Chauhan,42,Female,Marketing,Digital Marketing Manager,81000,3,2011,6.7,Active,Bangalore,
161,Rahul Singh,41,Female,Marketing,Marketing Analyst,80000,10,2023,9.2,Active,Noida,
360,Ishita Agarwal,38,Female,Marketing,Digital Marketing Manager,80000,4,2022,6.8,Active,Lucknow,
550,Divya Malhotra,51,Female,Marketing,Marketing Analyst,80000,14,2019,7.8,Active,Gurgaon,
1420,Divya Gupta,43,Female,Marketing,Marketing Analyst,80000,18,2010,7.8,Active,Mumbai,
1604,Neha Shah,51,Female,Marketing,Marketing Analyst,80000,11,2025,7.7,Active,Mumbai,
1622,Meera Shah,49,Female,Marketing,Digital Marketing Manager,80000,20,2024,5.5,Active,Lucknow,
1870,Divya Sinha,33,Female,Marketing,Digital Marketing Manager,80000,8,2017,9.2,Active,Kanpur,
1891,Ravi Pandey,52,Female,Marketing,Digital Marketing Manager,80000,7,2010,8.8,Active,Bangalore,
1901,Rahul Sharma,48,Female,Marketing,Digital Marketing Manager,80000,16,2014,7.6,Active,Kanpur,
2035,Riya Kumar,33,Male,Marketing,Marketing Analyst,80000,4,2025,7.3,Inactive,Pune,
2132,Meera Mishra,47,Female,Marketing,Marketing Analyst,80000,26,2011,6.2,Active,Bangalore,
2390,Karan Tiwari,52,Male,Marketing,Marketing Analyst,80000,23,2020,9.8,Active,Lucknow,
2415,Rohan Joshi,45,Male,Marketing,Marketing Analyst,80000,8,2013,7.4,On Leave,Kanpur,
2457,Simran Sinha,35,Male,Marketing,Digital Marketing Manager,80000,4,2025,7.7,Active,Gurgaon,
2461,Ravi Sinha,21,Male,Marketing,Marketing Analyst,80000,3,2023,5.8,Active,Delhi,
2497,Yash Pandey,49,Male,Marketing,Digital Marketing Manager,80000,26,2017,6.0,On Leave,Mumbai,
2851,Ravi Mehta,48,Male,Marketing,Digital Marketing Manager,80000,10,2021,6.8,Active,Mumbai,
2869,Sneha Yadav,23,Male,Marketing,Digital Marketing Manager,80000,1,2023,5.2,Active,Pune,
3043,Amit Sinha,47,Female,Marketing,Digital Marketing Manager,80000,12,2010,8.6,Active,Hyderabad,
3097,Yash Pandey,41,Female,Marketing,Digital Marketing Manager,80000,18,2015,5.7,Active,Noida,
3292,Aditya Patel,21,Female,Marketing,Marketing Analyst,80000,0,2017,6.6,Inactive,Gurgaon,
3300,Ishita Patel,40,Female,Marketing,Digital Marketing Manager,80000,24,2018,8.6,Active,Mumbai,
3396,Tanvi Jain,53,Male,Marketing,Marketing Analyst,80000,7,2018,7.3,Active,Lucknow,
3633,Varun Joshi,53,Male,Marketing,Marketing Analyst,80000,15,2021,7.1,Active,Lucknow,
4100,Karan Saxena,54,Female,Marketing,Marketing Analyst,80000,28,2013,6.2,Active,Chennai,
4551,Pooja Agarwal,23,Male,Marketing,Digital Marketing Manager,80000,5,2026,7.7,Active,Bangalore,
5083,Amit Patel,42,Female,Marketing,Digital Marketing Manager,80000,6,2022,8.1,Active,Bangalore,
856,Arjun Chauhan,51,Male,Marketing,Marketing Analyst,79000,23,2023,9.1,Active,Noida,
882,Priya Patel,28,Male,Marketing,Marketing Analyst,79000,4,2019,6.8,Active,Hyderabad,
1032,Priya Mehta,52,Female,Marketing,Marketing Analyst,79000,12,2021,7.4,Active,Gurgaon,
1048,Manish Mehta,50,Male,Marketing,Digital Marketing Manager,79000,27,2010,9.3,Active,Mumbai,
1295,Akash Pandey,37,Male,Marketing,Marketing Analyst,79000,5,2017,9.5,Active,Lucknow,
1572,Priya Jain,46,Female,Marketing,Marketing Analyst,79000,13,2024,9.8,Active,Hyderabad,
1903,Amit Sharma,44,Female,Marketing,Marketing Analyst,79000,24,2020,7.8,Active,Delhi,
2034,Kavya Kumar,44,Male,Marketing,Marketing Analyst,79000,9,2014,9.2,Active,Bangalore,
2562,Priya Singh,23,Male,Marketing,Digital Marketing Manager,79000,5,2010,7.4,Active,Kanpur,
2622,Priya Kumar,23,Male,Marketing,Marketing Analyst,79000,6,2025,9.6,Active,Mumbai,
2991,Pooja Tiwari,49,Female,Marketing,Digital Marketing Manager,79000,0,2013,8.3,Active,Kanpur,
3216,Tanvi Gupta,31,Female,Marketing,Digital Marketing Manager,79000,12,2014,6.3,Active,Kanpur,
3462,Priya Yadav,37,Male,Marketing,Marketing Analyst,79000,21,2017,5.9,Active,Delhi,
3607,Yash Tiwari,53,Female,Marketing,Digital Marketing Manager,79000,24,2011,8.9,Active,Lucknow,
3983,Nikhil Jain,55,Female,Marketing,Digital Marketing Manager,79000,16,2026,10.0,Active,Lucknow,
4105,Riya Saxena,47,Male,Marketing,Marketing Analyst,79000,0,2022,8.6,Active,Gurgaon,
4278,Vikram Pandey,29,Female,Marketing,Marketing Analyst,79000,3,2011,9.3,Active,Lucknow,
4886,Sahil Pandey,37,Male,Marketing,Digital Marketing Manager,79000,4,2018,7.1,Active,Gurgaon,
4902,Priya Sharma,50,Male,Marketing,Digital Marketing Manager,79000,25,2012,8.7,Active,Chennai,
327,Simran Mishra,25,Male,Marketing,Marketing Analyst,78000,0,2012,9.7,Active,Chennai,
386,Sahil Jain,47,Female,Marketing,Marketing Analyst,78000,21,2024,5.8,Active,Mumbai,
757,Yash Verma,39,Male,Marketing,Digital Marketing Manager,78000,13,2016,8.2,Active,Pune,
916,Arjun Mishra,23,Female,Marketing,Digital Marketing Manager,78000,5,2026,6.1,Active,Lucknow,
949,Sneha Agarwal,55,Female,Marketing,Digital Marketing Manager,78000,0,2021,9.1,Active,Bangalore,
1117,Yash Saxena,43,Male,Marketing,Digital Marketing Manager,78000,11,2023,7.4,Active,Noida,
1217,Ananya Joshi,47,Male,Marketing,Digital Marketing Manager,78000,20,2026,7.9,Active,Lucknow,
1325,Akash Sharma,48,Female,Marketing,Digital Marketing Manager,78000,23,2024,9.6,Active,Delhi,
1536,Tanvi Mishra,32,Male,Marketing,Digital Marketing Manager,78000,0,2020,5.5,Active,Pune,
1571,Rahul Jain,30,Female,Marketing,Marketing Analyst,78000,0,2017,5.6,Active,Mumbai,
1668,Vikram Yadav,52,Male,Marketing,Digital Marketing Manager,78000,7,2013,5.7,Active,Gurgaon,
1688,Nandini Yadav,44,Female,Marketing,Marketing Analyst,78000,7,2018,7.7,Active,Gurgaon,
1795,Riya Tiwari,40,Male,Marketing,Marketing Analyst,78000,23,2018,8.1,Active,Gurgaon,
2031,Pooja Kumar,42,Male,Marketing,Marketing Analyst,78000,7,2022,7.3,Active,Bangalore,
2517,Simran Sharma,34,Male,Marketing,Marketing Analyst,78000,0,2013,5.9,Active,Pune,
2674,Shreya Chauhan,52,Male,Marketing,Marketing Analyst,78000,0,2011,5.2,Active,Mumbai,
2695,Riya Patel,38,Female,Marketing,Marketing Analyst,78000,21,2011,9.1,Active,Chennai,
2827,Yash Shah,29,Male,Marketing,Marketing Analyst,78000,12,2025,8.0,Active,Hyderabad,
3072,Priya Pandey,42,Male,Marketing,Digital Marketing Manager,78000,19,2018,7.8,Inactive,Bangalore,
3208,Manish Gupta,50,Female,Marketing,Marketing Analyst,78000,10,2013,9.6,Active,Chennai,
3367,Yash Agarwal,36,Male,Marketing,Marketing Analyst,78000,18,2017,8.6,On Leave,Kanpur,
3689,Aarav Pandey,50,Female,Marketing,Marketing Analyst,78000,8,2022,8.7,Active,Bangalore,
3995,Akash Jain,40,Male,Marketing,Marketing Analyst,78000,20,2015,7.0,On Leave,Noida,
4440,Ishita Kumar,40,Male,Marketing,Marketing Analyst,78000,0,2020,8.5,On Leave,Hyderabad,
4478,Nandini Chauhan,21,Female,Marketing,Digital Marketing Manager,78000,1,2016,6.0,Active,Hyderabad,
4707,Simran Saxena,38,Male,Marketing,Digital Marketing Manager,78000,11,2021,8.8,Active,Delhi,
148,Manish Verma,41,Female,Marketing,Marketing Analyst,77000,14,2016,9.0,Inactive,Bangalore,
212,Meera Gupta,55,Female,Marketing,Marketing Analyst,77000,3,2018,9.1,Inactive,Delhi,
445,Riya Mehta,44,Female,Marketing,Digital Marketing Manager,77000,22,2020,6.6,Inactive,Pune,
517,Yash Saxena,28,Male,Marketing,Marketing Analyst,77000,12,2026,9.8,Active,Kanpur,
580,Divya Bansal,26,Female,Marketing,Marketing Analyst,77000,4,2022,7.9,Active,Delhi,
708,Vikram Sharma,53,Male,Marketing,Digital Marketing Manager,77000,3,2020,9.0,Active,Pune,
811,Ravi Gupta,29,Male,Marketing,Digital Marketing Manager,77000,1,2012,8.9,Active,Kanpur,
851,Rahul Chauhan,41,Female,Marketing,Marketing Analyst,77000,17,2017,9.4,Inactive,Hyderabad,
1014,Kavya Shah,31,Female,Marketing,Digital Marketing Manager,77000,1,2020,7.8,Active,Mumbai,
1051,Ravi Mehta,26,Female,Marketing,Marketing Analyst,77000,5,2013,6.5,Active,Bangalore,
1135,Riya Malhotra,39,Male,Marketing,Digital Marketing Manager,77000,7,2025,10.0,Active,Lucknow,
1348,Manish Verma,49,Female,Marketing,Digital Marketing Manager,77000,11,2019,5.7,Active,Delhi,
1365,Rohan Singh,29,Female,Marketing,Marketing Analyst,77000,8,2025,6.5,Active,Mumbai,
1406,Sahil Gupta,44,Male,Marketing,Marketing Analyst,77000,8,2019,7.7,Active,Hyderabad,
1655,Akash Mehta,43,Female,Marketing,Digital Marketing Manager,77000,23,2017,5.8,Active,Mumbai,
2416,Arjun Joshi,49,Male,Marketing,Digital Marketing Manager,77000,28,2010,9.0,Active,Noida,
2873,Nikhil Yadav,47,Male,Marketing,Marketing Analyst,77000,20,2017,5.1,Active,Chennai,
3013,Amit Joshi,50,Male,Marketing,Digital Marketing Manager,77000,0,2024,9.4,On Leave,Pune,
3411,Pooja Shah,23,Female,Marketing,Digital Marketing Manager,77000,7,2011,9.1,Active,Mumbai,
3703,Amit Sharma,50,Male,Marketing,Marketing Analyst,77000,6,2019,9.3,On Leave,Gurgaon,
3760,Divya Verma,49,Male,Marketing,Digital Marketing Manager,77000,8,2021,5.3,Active,Gurgaon,
3832,Aditya Kumar,23,Female,Marketing,Marketing Analyst,77000,5,2012,6.3,Active,Mumbai,
4202,Meera Tiwari,51,Female,Marketing,Digital Marketing Manager,77000,0,2010,7.0,On Leave,Chennai,
4408,Manish Gupta,52,Female,Marketing,Marketing Analyst,77000,8,2021,5.2,Active,Noida,
4477,Yash Chauhan,47,Female,Marketing,Marketing Analyst,77000,0,2013,7.2,On Leave,Lucknow,
4498,Manish Patel,30,Female,Marketing,Digital Marketing Manager,77000,13,2017,5.2,Active,Delhi,
4635,Rohan Mehta,44,Female,Marketing,Marketing Analyst,77000,19,2023,5.8,Active,Lucknow,
539,Aarav Malhotra,37,Female,Marketing,Marketing Analyst,76000,13,2022,6.6,Active,Delhi,
598,Manish Tiwari,34,Female,Marketing,Digital Marketing Manager,76000,8,2024,6.3,Active,Noida,
853,Amit Chauhan,37,Male,Marketing,Marketing Analyst,76000,17,2021,7.7,Active,Chennai,
1152,Priya Bansal,25,Female,Marketing,Marketing Analyst,76000,7,2022,5.8,On Leave,Pune,
2610,Ishita Gupta,36,Male,Marketing,Digital Marketing Manager,76000,15,2018,9.3,On Leave,Delhi,
2719,Sneha Mishra,32,Male,Marketing,Marketing Analyst,76000,16,2020,8.4,Inactive,Bangalore,
2989,Sneha Tiwari,32,Female,Marketing,Marketing Analyst,76000,3,2016,8.3,Active,Delhi,
3968,Nandini Agarwal,25,Male,Marketing,Marketing Analyst,76000,3,2016,7.9,Active,Noida,
4463,Nikhil Chauhan,55,Female,Marketing,Marketing Analyst,76000,25,2015,5.5,Active,Gurgaon,
4879,Sneha Pandey,31,Male,Marketing,Marketing Analyst,76000,12,2021,6.4,Active,Pune,
262,Aditya Chauhan,29,Male,Marketing,Marketing Analyst,75000,12,2010,5.1,Active,Bangalore,
283,Amit Patel,54,Female,Marketing,Digital Marketing Manager,75000,13,2014,8.2,Active,Noida,
519,Mohit Saxena,41,Female,Marketing,Marketing Analyst,75000,16,2017,7.0,Active,Lucknow,
548,Nandini Malhotra,41,Male,Marketing,Marketing Analyst,75000,15,2019,7.8,Active,Hyderabad,
744,Kavya Verma,51,Male,Marketing,Digital Marketing Manager,75000,13,2017,6.9,Active,Chennai,
793,Amit Gupta,46,Male,Marketing,Marketing Analyst,75000,6,2026,9.5,Active,Bangalore,
999,Mohit Jain,55,Male,Marketing,Digital Marketing Manager,75000,13,2022,5.6,Active,Pune,
1047,Simran Mehta,36,Female,Marketing,Marketing Analyst,75000,11,2011,9.4,On Leave,Kanpur,
1307,Ananya Sharma,23,Male,Marketing,Digital Marketing Manager,75000,2,2012,7.8,Inactive,Noida,
1578,Vikram Jain,29,Male,Marketing,Marketing Analyst,75000,12,2026,8.4,Active,Delhi,
1589,Aarav Jain,23,Male,Marketing,Digital Marketing Manager,75000,4,2020,5.7,Inactive,Gurgaon,
1597,Yash Jain,24,Male,Marketing,Marketing Analyst,75000,1,2026,7.4,Active,Chennai,
1679,Aarav Yadav,33,Male,Marketing,Marketing Analyst,75000,11,2017,7.4,Inactive,Noida,
1796,Sahil Tiwari,43,Male,Marketing,Marketing Analyst,75000,3,2016,6.6,On Leave,Hyderabad,
2236,Arjun Mehta,33,Female,Marketing,Marketing Analyst,75000,14,2015,7.1,Active,Bangalore,
2316,Tanvi Saxena,36,Female,Marketing,Digital Marketing Manager,75000,19,2018,7.9,On Leave,Kanpur,
2400,Ishita Tiwari,26,Male,Marketing,Marketing Analyst,75000,5,2021,6.8,Active,Bangalore,
2702,Meera Patel,51,Male,Marketing,Digital Marketing Manager,75000,27,2020,8.2,Active,Pune,
2818,Manish Shah,53,Male,Marketing,Marketing Analyst,75000,27,2016,9.9,Active,Noida,
3441,Pooja Mehta,22,Male,Marketing,Marketing Analyst,75000,5,2018,9.3,Inactive,Delhi,
3680,Karan Pandey,54,Female,Marketing,Marketing Analyst,75000,14,2018,9.9,Active,Hyderabad,
3902,Meera Patel,53,Male,Marketing,Marketing Analyst,75000,3,2026,6.3,On Leave,Bangalore,
3953,Nikhil Agarwal,32,Female,Marketing,Marketing Analyst,75000,7,2019,5.6,Active,Pune,
4106,Sahil Saxena,47,Male,Marketing,Marketing Analyst,75000,7,2013,9.0,Active,Noida,
4195,Riya Tiwari,55,Male,Marketing,Marketing Analyst,75000,27,2020,8.9,Inactive,Kanpur,
4250,Karan Sinha,36,Female,Marketing,Marketing Analyst,75000,6,2011,8.9,Active,Lucknow,
4592,Meera Jain,46,Male,Marketing,Marketing Analyst,75000,20,2017,9.6,Active,Mumbai,
4759,Sneha Bansal,21,Male,Marketing,Digital Marketing Manager,75000,3,2010,8.0,Active,Lucknow,
4906,Arjun Sharma,44,Female,Marketing,Marketing Analyst,75000,13,2020,8.1,Active,Bangalore,
4931,Rahul Verma,26,Male,Marketing,Digital Marketing Manager,75000,6,2015,7.2,Active,Gurgaon,
4969,Sneha Singh,51,Male,Marketing,Marketing Analyst,75000,30,2021,8.7,Active,Bangalore,
1276,Arjun Pandey,53,Female,Marketing,Digital Marketing Manager,74000,9,2013,9.7,Inactive,Kanpur,
1363,Amit Singh,54,Female,Marketing,Marketing Analyst,74000,18,2018,6.0,Active,Mumbai,
1729,Sneha Malhotra,44,Female,Marketing,Marketing Analyst,74000,27,2020,7.6,Active,Gurgaon,
1735,Riya Malhotra,36,Female,Marketing,Marketing Analyst,74000,15,2016,7.2,Active,Mumbai,
2317,Yash Saxena,31,Female,Marketing,Marketing Analyst,74000,3,2011,6.6,Active,Pune,
2594,Neha Gupta,31,Female,Marketing,Marketing Analyst,74000,6,2024,6.2,Active,Bangalore,
2650,Divya Kumar,21,Female,Marketing,Digital Marketing Manager,74000,4,2025,9.3,Inactive,Gurgaon,
2669,Aarav Chauhan,25,Female,Marketing,Digital Marketing Manager,74000,5,2019,7.5,Active,Pune,
2855,Akash Mehta,32,Female,Marketing,Marketing Analyst,74000,15,2017,6.6,Active,Kanpur,
2884,Shreya Yadav,29,Female,Marketing,Digital Marketing Manager,74000,10,2021,8.9,On Leave,Lucknow,
3614,Neha Joshi,37,Female,Marketing,Marketing Analyst,74000,10,2017,7.9,Active,Lucknow,
3774,Kavya Singh,36,Female,Marketing,Digital Marketing Manager,74000,12,2014,8.6,Active,Kanpur,
4027,Yash Shah,44,Female,Marketing,Marketing Analyst,74000,3,2022,8.5,Active,Gurgaon,
4288,Manish Pandey,44,Female,Marketing,Marketing Analyst,74000,26,2025,6.2,Active,Kanpur,
4577,Ananya Jain,55,Female,Marketing,Marketing Analyst,74000,8,2015,7.6,Active,Mumbai,
4820,Karan Joshi,47,Male,Marketing,Marketing Analyst,74000,2,2023,8.9,Active,Gurgaon,
4998,Vikram Gupta,44,Male,Marketing,Digital Marketing Manager,74000,9,2014,6.1,Active,Lucknow,
5095,Riya Patel,40,Male,Marketing,Marketing Analyst,74000,17,2018,9.2,Active,Bangalore,
1292,Meera Pandey,45,Male,Marketing,Digital Marketing Manager,73000,5,2019,7.7,Active,Kanpur,
1526,Sahil Mishra,51,Female,Marketing,Marketing Analyst,73000,26,2016,5.9,Active,Pune,
1533,Varun Mishra,46,Female,Marketing,Marketing Analyst,73000,6,2019,6.2,Active,Noida,
1823,Nikhil Joshi,54,Male,Marketing,Marketing Analyst,73000,4,2013,7.1,Active,Noida,
1850,Karan Sinha,46,Male,Marketing,Digital Marketing Manager,73000,13,2026,5.6,Active,Kanpur,
1970,Karan Singh,52,Male,Marketing,Digital Marketing Manager,73000,5,2010,9.1,Active,Chennai,
2002,Aditya Gupta,36,Male,Marketing,Marketing Analyst,73000,20,2014,7.5,Active,Mumbai,
2272,Aditya Yadav,50,Female,Marketing,Marketing Analyst,73000,9,2021,7.0,Active,Noida,
2772,Priya Jain,21,Female,Marketing,Marketing Analyst,73000,5,2011,9.9,On Leave,Delhi,
2876,Sahil Yadav,22,Female,Marketing,Digital Marketing Manager,73000,4,2012,8.3,Active,Kanpur,
3185,Akash Singh,42,Female,Marketing,Digital Marketing Manager,73000,7,2011,9.3,Active,Noida,
3277,Yash Chauhan,40,Female,Marketing,Marketing Analyst,73000,23,2016,5.3,Active,Lucknow,
3603,Varun Tiwari,30,Female,Marketing,Marketing Analyst,73000,11,2010,7.0,Active,Bangalore,
3741,Pooja Verma,48,Male,Marketing,Digital Marketing Manager,73000,7,2015,8.3,On Leave,Noida,
4011,Pooja Shah,38,Male,Marketing,Digital Marketing Manager,73000,5,2014,6.7,Inactive,Delhi,
4127,Ananya Malhotra,39,Female,Marketing,Digital Marketing Manager,73000,13,2012,9.0,Active,Bangalore,
4688,Nandini Yadav,21,Female,Marketing,Marketing Analyst,73000,3,2019,10.0,Inactive,Mumbai,
5020,Divya Gupta,23,Female,Marketing,Digital Marketing Manager,73000,4,2024,6.0,Active,Pune,
200,Karan Gupta,41,Male,Marketing,Digital Marketing Manager,72000,20,2012,8.2,Inactive,Mumbai,
223,Amit Kumar,23,Female,Marketing,Digital Marketing Manager,72000,4,2011,9.2,Active,Delhi,
1742,Meera Malhotra,51,Female,Marketing,Marketing Analyst,72000,25,2019,8.3,On Leave,Pune,
1932,Priya Verma,55,Female,Marketing,Marketing Analyst,72000,5,2012,5.9,Active,Hyderabad,
2184,Kavya Jain,29,Female,Marketing,Digital Marketing Manager,72000,7,2024,8.5,Inactive,Noida,
2211,Pooja Shah,47,Female,Marketing,Digital Marketing Manager,72000,16,2011,8.6,On Leave,Gurgaon,
2910,Ishita Saxena,34,Male,Marketing,Marketing Analyst,72000,13,2020,5.8,On Leave,Chennai,
3506,Sahil Saxena,40,Female,Marketing,Marketing Analyst,72000,13,2023,9.7,Active,Pune,
3859,Sneha Chauhan,33,Female,Marketing,Marketing Analyst,72000,11,2023,5.6,Active,Noida,
4064,Neha Yadav,31,Male,Marketing,Digital Marketing Manager,72000,12,2013,7.0,Active,Delhi,
4088,Nandini Yadav,54,Female,Marketing,Marketing Analyst,72000,9,2019,5.7,Active,Gurgaon,
4421,Rahul Kumar,43,Female,Marketing,Marketing Analyst,72000,16,2021,7.3,Active,Gurgaon,
4442,Meera Kumar,44,Male,Marketing,Digital Marketing Manager,72000,1,2021,9.0,On Leave,Pune,
610,Divya Tiwari,43,Female,Marketing,Digital Marketing Manager,71000,9,2025,6.5,Active,Lucknow,
615,Rohan Joshi,29,Male,Marketing,Digital Marketing Manager,71000,11,2017,5.8,Active,Hyderabad,
657,Simran Sinha,33,Male,Marketing,Digital Marketing Manager,71000,16,2011,9.6,Active,Chennai,
824,Neha Kumar,38,Female,Marketing,Marketing Analyst,71000,20,2022,7.6,Active,Chennai,
897,Simran Patel,39,Female,Marketing,Marketing Analyst,71000,1,2026,6.2,Active,Kanpur,
1141,Ravi Malhotra,43,Female,Marketing,Marketing Analyst,71000,10,2023,5.7,Inactive,Mumbai,
1931,Rahul Verma,54,Male,Marketing,Marketing Analyst,71000,7,2015,8.6,Active,Kanpur,
2363,Nikhil Bansal,55,Female,Marketing,Marketing Analyst,71000,28,2023,5.6,Active,Kanpur,
2951,Rahul Bansal,51,Female,Marketing,Digital Marketing Manager,71000,7,2024,8.2,Active,Bangalore,
3558,Vikram Bansal,29,Female,Marketing,Digital Marketing Manager,71000,5,2018,6.1,Active,Noida,
3750,Ishita Verma,21,Female,Marketing,Digital Marketing Manager,71000,1,2022,8.8,Active,Pune,
3804,Kavya Gupta,37,Male,Marketing,Marketing Analyst,71000,16,2024,6.9,Inactive,Gurgaon,
3811,Ravi Gupta,38,Male,Marketing,Marketing Analyst,71000,17,2026,5.6,Active,Pune,
3936,Tanvi Mishra,31,Female,Marketing,Marketing Analyst,71000,4,2025,5.9,Active,Hyderabad,
3945,Rohan Agarwal,54,Male,Marketing,Digital Marketing Manager,71000,4,2010,7.4,Active,Noida,
4026,Tanvi Shah,42,Female,Marketing,Marketing Analyst,71000,3,2016,9.9,Active,Noida,
4165,Riya Bansal,45,Female,Marketing,Digital Marketing Manager,71000,8,2020,6.6,Active,Delhi,
111,Pooja Sharma,29,Male,Marketing,Marketing Executive,70000,8,2011,5.8,Active,Pune,
122,Meera Sharma,48,Male,Marketing,Marketing Analyst,70000,11,2011,5.3,Active,Delhi,
147,Simran Verma,32,Female,Marketing,Digital Marketing Manager,70000,9,2019,6.1,Active,Gurgaon,
290,Karan Patel,51,Male,Marketing,Marketing Analyst,70000,7,2012,5.8,Active,Chennai,
477,Simran Yadav,38,Male,Marketing,Marketing Analyst,70000,13,2018,7.3,Active,Gurgaon,
582,Priya Tiwari,33,Male,Marketing,Digital Marketing Manager,70000,14,2018,7.0,Active,Delhi,
616,Arjun Joshi,47,Female,Marketing,Marketing Analyst,70000,9,2011,5.4,Active,Bangalore,
678,Vikram Pandey,52,Male,Marketing,Digital Marketing Manager,70000,27,2025,6.1,Active,Chennai,
774,Kavya Singh,32,Female,Marketing,Digital Marketing Manager,70000,11,2012,9.5,Active,Kanpur,
1008,Vikram Shah,41,Male,Marketing,Marketing Analyst,70000,21,2012,7.7,Active,Chennai,
1030,Divya Shah,37,Female,Marketing,Marketing Analyst,70000,12,2019,7.8,Active,Hyderabad,
1678,Manish Yadav,35,Male,Marketing,Marketing Executive,70000,8,2023,9.4,Active,Kanpur,
1864,Shreya Sinha,22,Female,Marketing,Marketing Executive,70000,5,2016,7.8,Inactive,Mumbai,
2537,Ananya Verma,26,Male,Marketing,Digital Marketing Manager,70000,1,2023,8.6,On Leave,Pune,
2621,Rahul Kumar,29,Male,Marketing,Marketing Analyst,70000,7,2016,9.7,Active,Noida,
2677,Yash Chauhan,23,Female,Marketing,Marketing Analyst,70000,6,2026,9.3,Active,Mumbai,
2698,Manish Patel,33,Female,Marketing,Marketing Analyst,70000,13,2013,9.9,Active,Delhi,
2769,Mohit Agarwal,30,Female,Marketing,Marketing Executive,70000,6,2021,6.8,Active,Kanpur,
3081,Pooja Pandey,38,Male,Marketing,Marketing Executive,70000,21,2010,7.5,Active,Delhi,
3167,Ananya Singh,50,Male,Marketing,Marketing Analyst,70000,24,2023,5.0,Active,Lucknow,
3467,Ananya Yadav,36,Male,Marketing,Marketing Executive,70000,16,2022,7.7,Active,Pune,
3541,Ravi Malhotra,21,Female,Marketing,Marketing Executive,70000,1,2010,5.2,Active,Noida,
3632,Meera Joshi,40,Female,Marketing,Marketing Analyst,70000,5,2026,9.1,Active,Hyderabad,
3663,Varun Sinha,52,Female,Marketing,Marketing Analyst,70000,5,2023,7.4,Active,Mumbai,
3756,Tanvi Verma,50,Female,Marketing,Digital Marketing Manager,70000,16,2011,6.7,On Leave,Bangalore,
4140,Ishita Malhotra,52,Female,Marketing,Marketing Analyst,70000,23,2024,6.2,Active,Chennai,
4178,Nandini Bansal,40,Male,Marketing,Marketing Executive,70000,22,2020,8.4,Active,Hyderabad,
4309,Sneha Sharma,47,Male,Marketing,Marketing Analyst,70000,21,2021,7.4,Inactive,Chennai,
4382,Meera Singh,49,Female,Marketing,Marketing Analyst,70000,21,2016,9.5,Active,Bangalore,
4398,Vikram Gupta,55,Female,Marketing,Marketing Analyst,70000,12,2011,6.8,Active,Gurgaon,
4568,Nandini Agarwal,41,Male,Marketing,Marketing Executive,70000,22,2019,7.9,On Leave,Mumbai,
4771,Ravi Bansal,33,Male,Marketing,Marketing Analyst,70000,4,2014,9.8,Active,Noida,
4916,Sahil Sharma,43,Male,Marketing,Marketing Analyst,70000,25,2016,8.3,Active,Noida,
4954,Shreya Verma,25,Female,Marketing,Digital Marketing Manager,70000,0,2020,5.3,On Leave,Hyderabad,
985,Riya Jain,42,Female,Marketing,Marketing Analyst,69000,13,2023,9.0,Active,Pune,
1223,Nikhil Joshi,27,Male,Marketing,Marketing Executive,69000,2,2013,5.1,Active,Lucknow,
1486,Arjun Patel,42,Female,Marketing,Marketing Executive,69000,0,2014,5.2,Active,Gurgaon,
1516,Arjun Mishra,27,Female,Marketing,Marketing Executive,69000,4,2024,6.8,Active,Hyderabad,
1523,Nikhil Mishra,46,Male,Marketing,Marketing Executive,69000,4,2019,6.6,Active,Kanpur,
1573,Amit Jain,41,Male,Marketing,Marketing Executive,69000,21,2026,6.2,Active,Gurgaon,
1966,Arjun Singh,52,Male,Marketing,Marketing Analyst,69000,18,2019,6.9,Active,Hyderabad,
2076,Tanvi Chauhan,41,Female,Marketing,Marketing Executive,69000,5,2011,6.1,On Leave,Chennai,
2810,Karan Shah,26,Female,Marketing,Marketing Analyst,69000,10,2023,6.7,Active,Chennai,
2891,Rahul Saxena,31,Male,Marketing,Marketing Analyst,69000,5,2024,7.8,Active,Chennai,
3026,Sahil Joshi,24,Male,Marketing,Marketing Analyst,69000,3,2014,9.7,Active,Mumbai,
3033,Varun Joshi,36,Female,Marketing,Marketing Analyst,69000,15,2025,5.1,On Leave,Kanpur,
3136,Arjun Verma,42,Female,Marketing,Marketing Executive,69000,5,2025,8.5,Active,Bangalore,
3147,Simran Verma,50,Female,Marketing,Marketing Executive,69000,29,2010,8.3,Active,Delhi,
3178,Manish Singh,49,Female,Marketing,Marketing Analyst,69000,28,2021,5.2,Active,Gurgaon,
3391,Ravi Jain,23,Female,Marketing,Marketing Executive,69000,6,2012,8.4,Active,Kanpur,
3400,Divya Jain,22,Female,Marketing,Marketing Analyst,69000,5,2014,9.6,Inactive,Bangalore,
3590,Karan Tiwari,34,Female,Marketing,Marketing Analyst,69000,15,2018,7.2,Inactive,Delhi,
3801,Pooja Gupta,34,Female,Marketing,Marketing Executive,69000,11,2024,8.7,Active,Gurgaon,
4488,Vikram Patel,43,Female,Marketing,Marketing Executive,69000,20,2022,7.5,Active,Gurgaon,
4541,Rahul Agarwal,30,Female,Marketing,Marketing Analyst,69000,1,2018,5.9,Inactive,Delhi,
4647,Simran Mehta,24,Male,Marketing,Marketing Analyst,69000,2,2026,6.5,Active,Hyderabad,
4758,Vikram Bansal,38,Male,Marketing,Marketing Executive,69000,19,2026,8.3,Active,Gurgaon,
4794,Kavya Tiwari,44,Female,Marketing,Marketing Executive,69000,23,2014,7.4,Active,Kanpur,
4807,Yash Tiwari,34,Male,Marketing,Marketing Executive,69000,12,2012,9.2,Active,Noida,
4838,Nandini Joshi,55,Male,Marketing,Marketing Executive,69000,16,2025,6.2,Active,Gurgaon,
4981,Ravi Singh,52,Female,Marketing,Marketing Executive,69000,15,2025,5.1,Active,Gurgaon,
146,Sahil Verma,53,Male,Marketing,Marketing Analyst,68000,9,2019,6.0,Active,Pune,
418,Manish Shah,36,Male,Marketing,Marketing Analyst,68000,1,2014,9.7,On Leave,Noida,
706,Arjun Sharma,37,Female,Marketing,Marketing Executive,68000,11,2020,7.3,Active,Chennai,
717,Simran Sharma,41,Male,Marketing,Marketing Analyst,68000,22,2023,8.3,Active,Mumbai,
1160,Karan Bansal,44,Male,Marketing,Marketing Executive,68000,19,2022,6.0,Active,Delhi,
1169,Aarav Bansal,42,Male,Marketing,Marketing Executive,68000,19,2025,6.4,Active,Bangalore,
1834,Shreya Joshi,26,Female,Marketing,Marketing Analyst,68000,7,2018,7.6,Inactive,Noida,
1868,Nandini Sinha,45,Male,Marketing,Marketing Analyst,68000,18,2012,5.1,Active,Pune,
2025,Rohan Kumar,51,Female,Marketing,Marketing Analyst,68000,22,2014,8.1,Active,Delhi,
2062,Aditya Chauhan,50,Male,Marketing,Marketing Executive,68000,28,2017,5.1,Active,Pune,
2538,Vikram Verma,28,Male,Marketing,Marketing Analyst,68000,2,2014,7.8,Active,Kanpur,
2551,Ravi Verma,29,Female,Marketing,Marketing Analyst,68000,0,2012,9.7,Active,Pune,
2826,Tanvi Shah,29,Male,Marketing,Marketing Analyst,68000,9,2020,5.7,Active,Pune,
2889,Mohit Yadav,27,Male,Marketing,Marketing Analyst,68000,8,2014,7.0,Active,Noida,
2925,Rohan Malhotra,33,Male,Marketing,Marketing Analyst,68000,7,2013,9.2,Active,Chennai,
3041,Rahul Sinha,53,Male,Marketing,Marketing Analyst,68000,6,2023,6.6,Active,Chennai,
3437,Ananya Mehta,42,Female,Marketing,Marketing Executive,68000,19,2024,8.3,Active,Gurgaon,
3540,Ishita Malhotra,50,Male,Marketing,Marketing Analyst,68000,2,2026,9.9,Active,Kanpur,
3743,Nikhil Verma,27,Female,Marketing,Marketing Analyst,68000,6,2017,9.4,On Leave,Kanpur,
3763,Amit Singh,53,Male,Marketing,Marketing Analyst,68000,27,2016,9.3,Active,Kanpur,
4182,Priya Tiwari,34,Female,Marketing,Marketing Analyst,68000,12,2017,8.3,Inactive,Lucknow,
4312,Aditya Sharma,27,Male,Marketing,Marketing Analyst,68000,7,2014,9.2,Active,Bangalore,
4612,Aditya Shah,48,Male,Marketing,Marketing Executive,68000,22,2012,8.0,On Leave,Bangalore,
4671,Pooja Yadav,35,Male,Marketing,Marketing Analyst,68000,19,2013,6.6,Active,Chennai,
145,Riya Verma,33,Female,Marketing,Marketing Executive,67000,11,2020,8.3,Active,Lucknow,
730,Divya Sharma,47,Male,Marketing,Marketing Executive,67000,24,2024,6.1,Active,Hyderabad,
1227,Simran Joshi,52,Male,Marketing,Marketing Executive,67000,16,2011,9.8,Active,Kanpur,
1545,Rohan Agarwal,45,Female,Marketing,Marketing Executive,67000,25,2012,6.2,Active,Chennai,
1591,Ravi Jain,38,Female,Marketing,Marketing Analyst,67000,22,2026,7.0,Active,Hyderabad,
1778,Nandini Bansal,31,Female,Marketing,Marketing Executive,67000,7,2026,7.9,Active,Mumbai,
1816,Arjun Joshi,26,Female,Marketing,Marketing Executive,67000,5,2018,5.1,Active,Kanpur,
1910,Karan Sharma,27,Female,Marketing,Marketing Analyst,67000,8,2010,7.6,Inactive,Noida,
2874,Kavya Yadav,29,Male,Marketing,Marketing Analyst,67000,13,2014,6.6,Active,Lucknow,
2940,Ishita Malhotra,25,Female,Marketing,Marketing Executive,67000,5,2024,8.9,Active,Kanpur,
2982,Priya Tiwari,35,Male,Marketing,Marketing Executive,67000,10,2013,7.4,Active,Mumbai,
3532,Aditya Malhotra,54,Female,Marketing,Marketing Executive,67000,27,2026,5.4,Active,Kanpur,
3698,Nandini Pandey,33,Female,Marketing,Marketing Analyst,67000,15,2026,9.8,Active,Mumbai,
4292,Meera Pandey,53,Male,Marketing,Marketing Executive,67000,14,2023,6.9,Active,Bangalore,
4511,Rahul Mishra,54,Male,Marketing,Marketing Analyst,67000,7,2021,6.4,Inactive,Noida,
4747,Yash Malhotra,31,Male,Marketing,Marketing Analyst,67000,3,2022,5.2,Active,Noida,
4953,Varun Verma,46,Female,Marketing,Marketing Analyst,67000,11,2020,6.5,Active,Bangalore,
5050,Divya Kumar,52,Male,Marketing,Marketing Executive,67000,22,2021,6.9,Inactive,Kanpur,
156,Tanvi Verma,34,Female,Marketing,Marketing Analyst,66000,2,2024,5.3,On Leave,Pune,
411,Pooja Shah,47,Female,Marketing,Marketing Executive,66000,13,2014,5.4,Active,Mumbai,
627,Simran Joshi,55,Female,Marketing,Marketing Executive,66000,11,2026,8.7,On Leave,Gurgaon,
747,Simran Verma,33,Female,Marketing,Marketing Executive,66000,9,2021,5.4,Active,Mumbai,
1320,Ishita Sharma,53,Female,Marketing,Marketing Analyst,66000,27,2022,8.8,Inactive,Kanpur,
2022,Priya Kumar,37,Female,Marketing,Marketing Executive,66000,12,2015,6.7,Active,Delhi,
2570,Karan Singh,25,Male,Marketing,Marketing Analyst,66000,0,2012,8.9,Active,Noida,
2974,Shreya Bansal,48,Female,Marketing,Marketing Executive,66000,2,2020,9.3,Active,Pune,
3035,Akash Joshi,41,Male,Marketing,Marketing Executive,66000,24,2016,8.1,Active,Kanpur,
3106,Arjun Sharma,36,Male,Marketing,Marketing Analyst,66000,0,2020,5.4,Active,Bangalore,
3195,Rohan Gupta,32,Male,Marketing,Marketing Analyst,66000,16,2012,9.7,Active,Bangalore,
3982,Aditya Jain,29,Male,Marketing,Marketing Analyst,66000,9,2020,5.4,Active,Lucknow,
4296,Tanvi Pandey,25,Female,Marketing,Marketing Executive,66000,9,2026,5.5,Active,Noida,
4307,Ananya Sharma,41,Female,Marketing,Marketing Executive,66000,6,2013,6.4,Active,Kanpur,
4521,Pooja Mishra,47,Male,Marketing,Marketing Executive,66000,24,2021,9.0,Inactive,Hyderabad,
4834,Shreya Joshi,22,Female,Marketing,Marketing Executive,66000,6,2021,8.6,Active,Noida,
5022,Priya Kumar,38,Female,Marketing,Marketing Executive,66000,0,2013,5.4,Active,Gurgaon,
173,Nikhil Singh,43,Male,Marketing,Marketing Analyst,65000,22,2018,5.6,Active,Delhi,
525,Rohan Malhotra,23,Female,Marketing,Marketing Executive,65000,5,2017,6.2,Active,Lucknow,
854,Neha Chauhan,45,Male,Marketing,Marketing Analyst,65000,0,2012,6.5,On Leave,Bangalore,
963,Varun Agarwal,39,Male,Marketing,Marketing Executive,65000,12,2023,9.3,Active,Gurgaon,
1407,Simran Gupta,47,Male,Marketing,Marketing Analyst,65000,0,2011,6.8,Active,Pune,
1720,Divya Saxena,45,Female,Marketing,Marketing Executive,65000,28,2019,9.1,Active,Kanpur,
1810,Divya Tiwari,34,Female,Marketing,Marketing Executive,65000,14,2024,6.6,Active,Kanpur,
1951,Ravi Verma,34,Male,Marketing,Marketing Executive,65000,18,2013,7.0,Active,Bangalore,
2090,Karan Patel,53,Male,Marketing,Marketing Executive,65000,30,2010,6.6,Active,Chennai,
2533,Amit Verma,23,Female,Marketing,Marketing Executive,65000,1,2014,8.2,Active,Kanpur,
2630,Karan Kumar,30,Male,Marketing,Marketing Analyst,65000,13,2016,5.7,Active,Gurgaon,
2821,Ravi Shah,43,Female,Marketing,Marketing Analyst,65000,5,2015,7.2,Active,Mumbai,
2864,Neha Yadav,46,Female,Marketing,Marketing Analyst,65000,12,2011,7.6,Active,Lucknow,
3051,Pooja Sinha,47,Male,Marketing,Marketing Analyst,65000,9,2013,5.5,Active,Hyderabad,
3196,Arjun Gupta,21,Female,Marketing,Marketing Analyst,65000,0,2021,5.3,Active,Chennai,
3212,Meera Gupta,50,Female,Marketing,Marketing Executive,65000,16,2022,7.4,Active,Pune,
3754,Shreya Verma,34,Female,Marketing,Marketing Analyst,65000,16,2026,7.5,Active,Lucknow,
4086,Tanvi Yadav,52,Male,Marketing,Marketing Executive,65000,5,2016,8.1,Active,Chennai,
4218,Vikram Joshi,34,Male,Marketing,Marketing Analyst,65000,17,2016,7.6,Active,Pune,
4903,Amit Sharma,27,Female,Marketing,Marketing Executive,65000,9,2021,6.5,Inactive,Lucknow,
4950,Ishita Verma,53,Male,Marketing,Marketing Analyst,65000,23,2013,7.6,Active,Delhi,
5032,Aditya Kumar,23,Female,Marketing,Marketing Executive,65000,0,2010,7.4,On Leave,Noida,
5069,Aarav Chauhan,23,Female,Marketing,Marketing Analyst,65000,7,2024,5.6,Active,Mumbai,
426,Tanvi Shah,53,Female,Marketing,Marketing Executive,64000,4,2011,8.3,Active,Lucknow,
459,Mohit Mehta,23,Female,Marketing,Marketing Analyst,64000,4,2017,7.8,Active,Delhi,
732,Priya Verma,35,Female,Marketing,Marketing Analyst,64000,12,2014,5.1,Inactive,Chennai,
769,Sneha Singh,34,Female,Marketing,Marketing Analyst,64000,18,2010,8.7,Active,Hyderabad,
909,Mohit Patel,21,Male,Marketing,Marketing Analyst,64000,1,2026,5.4,Active,Pune,
982,Aditya Jain,51,Male,Marketing,Marketing Analyst,64000,22,2022,6.0,On Leave,Chennai,
1209,Mohit Tiwari,41,Female,Marketing,Marketing Executive,64000,18,2010,5.1,Active,Gurgaon,
1311,Pooja Sharma,35,Male,Marketing,Marketing Executive,64000,14,2014,8.9,Active,Gurgaon,
1326,Tanvi Sharma,49,Male,Marketing,Marketing Analyst,64000,28,2012,10.0,Active,Delhi,
2048,Nandini Kumar,52,Male,Marketing,Marketing Executive,64000,0,2016,7.6,Active,Kanpur,
2056,Arjun Chauhan,48,Male,Marketing,Marketing Analyst,64000,13,2012,5.1,Active,Hyderabad,
2188,Manish Jain,43,Female,Marketing,Marketing Analyst,64000,15,2024,7.4,Active,Kanpur,
2281,Ravi Yadav,45,Male,Marketing,Marketing Executive,64000,24,2021,5.1,Inactive,Hyderabad,
2467,Yash Sinha,39,Male,Marketing,Marketing Executive,64000,7,2023,5.0,Active,Hyderabad,
2573,Nikhil Singh,27,Female,Marketing,Marketing Analyst,64000,5,2022,6.2,Active,Pune,
3191,Rahul Gupta,46,Female,Marketing,Marketing Executive,64000,30,2014,7.8,Active,Bangalore,
3234,Kavya Kumar,41,Male,Marketing,Marketing Executive,64000,17,2018,6.4,Active,Lucknow,
3518,Nandini Saxena,41,Female,Marketing,Marketing Executive,64000,21,2016,5.1,Active,Gurgaon,
3613,Amit Joshi,43,Male,Marketing,Marketing Executive,64000,0,2020,7.1,Active,Chennai,
3710,Karan Sharma,36,Male,Marketing,Marketing Analyst,64000,11,2010,5.1,Active,Gurgaon,
4081,Ravi Yadav,50,Male,Marketing,Marketing Executive,64000,14,2020,6.3,Active,Kanpur,
4192,Aditya Tiwari,29,Female,Marketing,Marketing Executive,64000,11,2020,8.5,Active,Kanpur,
4412,Meera Gupta,37,Female,Marketing,Marketing Executive,64000,15,2016,7.7,Active,Noida,
4419,Mohit Gupta,36,Male,Marketing,Marketing Executive,64000,13,2020,8.0,Active,Lucknow,
4464,Kavya Chauhan,45,Female,Marketing,Marketing Executive,64000,3,2026,6.1,Active,Kanpur,
4821,Pooja Joshi,40,Female,Marketing,Marketing Analyst,64000,20,2013,7.9,On Leave,Noida,
4891,Ravi Pandey,40,Male,Marketing,Marketing Analyst,64000,2,2011,6.9,Inactive,Chennai,
5077,Yash Chauhan,27,Female,Marketing,Marketing Analyst,64000,10,2025,5.1,Active,Mumbai,
193,Amit Gupta,47,Male,Marketing,Marketing Analyst,63000,26,2024,6.9,Inactive,Noida,
509,Aarav Saxena,31,Female,Marketing,Marketing Analyst,63000,2,2020,5.3,Active,Pune,
617,Ananya Joshi,24,Male,Marketing,Marketing Executive,63000,4,2025,6.0,On Leave,Pune,
1278,Vikram Pandey,24,Female,Marketing,Marketing Executive,63000,3,2011,9.9,Inactive,Gurgaon,
1476,Tanvi Chauhan,40,Female,Marketing,Marketing Analyst,63000,5,2016,5.1,On Leave,Chennai,
1567,Yash Agarwal,35,Female,Marketing,Marketing Executive,63000,0,2011,8.8,Active,Mumbai,
2015,Akash Gupta,32,Male,Marketing,Marketing Analyst,63000,1,2022,6.8,Active,Delhi,
2437,Yash Joshi,46,Female,Marketing,Marketing Executive,63000,4,2026,10.0,Active,Pune,
2443,Amit Sinha,41,Female,Marketing,Marketing Analyst,63000,19,2010,6.0,Active,Hyderabad,
2455,Riya Sinha,31,Male,Marketing,Marketing Analyst,63000,8,2010,9.8,Active,Pune,
2591,Rahul Gupta,36,Male,Marketing,Marketing Analyst,63000,1,2023,6.9,Active,Noida,
2614,Shreya Gupta,37,Male,Marketing,Marketing Analyst,63000,5,2015,8.6,On Leave,Bangalore,
3584,Neha Tiwari,53,Female,Marketing,Marketing Analyst,63000,7,2018,5.2,On Leave,Noida,
3599,Aarav Tiwari,52,Female,Marketing,Marketing Executive,63000,2,2010,8.1,Active,Mumbai,
3904,Shreya Patel,26,Male,Marketing,Marketing Analyst,63000,8,2014,5.4,Active,Hyderabad,
4044,Kavya Mehta,40,Female,Marketing,Marketing Executive,63000,19,2011,9.4,Active,Noida,
4270,Divya Sinha,51,Female,Marketing,Marketing Analyst,63000,20,2016,5.8,Active,Hyderabad,
4522,Aditya Mishra,44,Male,Marketing,Marketing Analyst,63000,2,2021,6.3,Active,Kanpur,
4611,Pooja Shah,50,Female,Marketing,Marketing Executive,63000,3,2024,7.2,On Leave,Pune,
4687,Yash Yadav,34,Female,Marketing,Marketing Executive,63000,17,2016,9.5,Active,Kanpur,
198,Vikram Gupta,42,Male,Marketing,Marketing Executive,62000,3,2024,8.6,Active,Bangalore,
523,Amit Malhotra,55,Male,Marketing,Marketing Executive,62000,9,2013,6.9,Active,Kanpur,
561,Pooja Bansal,51,Female,Marketing,Marketing Analyst,62000,21,2015,5.1,Active,Gurgaon,
594,Kavya Tiwari,44,Female,Marketing,Marketing Analyst,62000,5,2023,6.8,Active,Chennai,
817,Yash Gupta,32,Male,Marketing,Marketing Analyst,62000,11,2026,7.0,Active,Hyderabad,
827,Ananya Kumar,54,Female,Marketing,Marketing Analyst,62000,24,2019,7.5,Active,Hyderabad,
1021,Ravi Shah,29,Female,Marketing,Marketing Analyst,62000,5,2014,6.0,Active,Gurgaon,
1110,Ishita Saxena,42,Male,Marketing,Marketing Executive,62000,13,2023,6.5,Active,Lucknow,
1116,Tanvi Saxena,42,Male,Marketing,Marketing Executive,62000,9,2014,5.6,Active,Lucknow,
1202,Meera Tiwari,27,Female,Marketing,Marketing Analyst,62000,9,2021,9.5,On Leave,Chennai,
1277,Ananya Pandey,23,Male,Marketing,Marketing Analyst,62000,5,2020,5.7,Active,Hyderabad,
1987,Yash Singh,22,Male,Marketing,Marketing Executive,62000,1,2024,5.5,Active,Bangalore,
2047,Yash Kumar,35,Male,Marketing,Marketing Executive,62000,18,2017,7.8,Active,Delhi,
2058,Vikram Chauhan,38,Female,Marketing,Marketing Executive,62000,19,2010,8.9,Active,Pune,
2109,Mohit Patel,26,Male,Marketing,Marketing Analyst,62000,6,2014,6.4,Active,Chennai,
2581,Ravi Singh,24,Male,Marketing,Marketing Executive,62000,6,2025,8.0,Active,Delhi,
3084,Kavya Pandey,43,Female,Marketing,Marketing Analyst,62000,2,2011,8.6,Active,Pune,
3438,Vikram Mehta,34,Male,Marketing,Marketing Executive,62000,8,2010,5.8,Active,Noida,
3570,Ishita Bansal,46,Male,Marketing,Marketing Analyst,62000,7,2023,8.0,Active,Hyderabad,
3595,Riya Tiwari,31,Male,Marketing,Marketing Executive,62000,10,2010,10.0,On Leave,Delhi,
3610,Divya Tiwari,24,Female,Marketing,Marketing Executive,62000,3,2013,8.9,Active,Noida,
3693,Varun Pandey,51,Male,Marketing,Marketing Executive,62000,18,2016,9.3,Active,Delhi,
3715,Riya Sharma,39,Female,Marketing,Marketing Executive,62000,22,2021,8.8,Active,Chennai,
3738,Vikram Verma,36,Female,Marketing,Marketing Executive,62000,2,2026,8.2,Active,Delhi,
3819,Mohit Gupta,45,Female,Marketing,Marketing Executive,62000,28,2020,5.1,Active,Lucknow,
3823,Amit Kumar,36,Female,Marketing,Marketing Analyst,62000,11,2026,9.0,On Leave,Delhi,
3986,Sahil Jain,29,Male,Marketing,Marketing Analyst,62000,4,2011,5.8,On Leave,Lucknow,
4135,Riya Malhotra,52,Female,Marketing,Marketing Executive,62000,6,2015,9.5,Inactive,Mumbai,
4389,Mohit Singh,55,Male,Marketing,Marketing Analyst,62000,14,2020,7.4,Active,Delhi,
4431,Pooja Kumar,22,Male,Marketing,Marketing Executive,62000,4,2015,8.0,Inactive,Noida,
4970,Karan Singh,38,Male,Marketing,Marketing Analyst,62000,19,2024,7.9,Active,Hyderabad,
4983,Varun Singh,26,Male,Marketing,Marketing Executive,62000,7,2022,7.0,Active,Noida,
5039,Aarav Kumar,42,Female,Marketing,Marketing Analyst,62000,8,2023,8.9,Active,Pune,
177,Simran Singh,51,Female,Marketing,Marketing Analyst,61000,15,2011,9.7,Active,Delhi,
950,Karan Agarwal,21,Male,Marketing,Marketing Analyst,61000,0,2024,6.1,Active,Lucknow,
1053,Varun Mehta,50,Male,Marketing,Marketing Executive,61000,5,2017,6.1,Active,Delhi,
1127,Ananya Malhotra,44,Female,Marketing,Marketing Executive,61000,4,2015,5.9,On Leave,Mumbai,
1162,Aditya Bansal,52,Male,Marketing,Marketing Analyst,61000,3,2019,5.3,Active,Hyderabad,
1372,Aditya Singh,51,Male,Marketing,Marketing Analyst,61000,19,2025,5.2,Active,Bangalore,
1449,Mohit Kumar,51,Male,Marketing,Marketing Executive,61000,3,2016,7.7,Active,Chennai,
1664,Neha Yadav,22,Female,Marketing,Marketing Executive,61000,4,2015,6.4,Active,Noida,
1703,Nikhil Saxena,43,Female,Marketing,Marketing Executive,61000,11,2023,9.5,Active,Lucknow,
2495,Akash Pandey,46,Male,Marketing,Marketing Executive,61000,3,2023,7.0,Active,Noida,
2743,Amit Agarwal,33,Female,Marketing,Marketing Analyst,61000,9,2020,9.2,Active,Bangalore,
2892,Priya Saxena,46,Male,Marketing,Marketing Analyst,61000,2,2015,7.3,Active,Mumbai,
3179,Aarav Singh,47,Male,Marketing,Marketing Executive,61000,4,2024,9.4,On Leave,Chennai,
3352,Aditya Agarwal,24,Male,Marketing,Marketing Analyst,61000,4,2020,8.0,Active,Delhi,
3909,Mohit Patel,29,Male,Marketing,Marketing Executive,61000,0,2013,8.7,Active,Mumbai,
3939,Mohit Mishra,21,Male,Marketing,Marketing Executive,61000,1,2024,5.3,Active,Lucknow,
3964,Shreya Agarwal,30,Male,Marketing,Marketing Analyst,61000,5,2012,9.3,Active,Noida,
3972,Priya Jain,36,Female,Marketing,Marketing Analyst,61000,16,2012,9.5,Active,Lucknow,
4415,Akash Gupta,30,Male,Marketing,Marketing Executive,61000,12,2013,6.7,Active,Chennai,
4769,Aarav Bansal,34,Female,Marketing,Marketing Executive,61000,14,2011,9.3,Active,Gurgaon,
4772,Meera Bansal,24,Male,Marketing,Marketing Executive,61000,4,2026,7.2,Inactive,Chennai,
160,Divya Verma,22,Male,Marketing,Marketing Executive,60000,0,2015,6.3,Active,Chennai,
319,Sneha Mishra,21,Female,Marketing,Marketing Executive,60000,2,2018,6.5,Active,Kanpur,
413,Nikhil Shah,36,Female,Marketing,Marketing Executive,60000,2,2011,8.3,Active,Bangalore,
1016,Sahil Shah,41,Male,Marketing,Marketing Executive,60000,0,2017,8.3,Active,Gurgaon,
1606,Arjun Shah,50,Female,Marketing,Marketing Analyst,60000,27,2014,7.1,Active,Bangalore,
1776,Tanvi Bansal,21,Female,Marketing,Marketing Executive,60000,0,2021,7.7,Active,Gurgaon,
2286,Tanvi Yadav,48,Male,Marketing,Marketing Analyst,60000,17,2019,6.9,Active,Bangalore,
2379,Mohit Bansal,38,Female,Marketing,Marketing Executive,60000,13,2020,9.7,Active,Lucknow,
2432,Meera Joshi,38,Female,Marketing,Marketing Analyst,60000,13,2011,5.3,Active,Chennai,
2525,Akash Sharma,34,Female,Marketing,Marketing Executive,60000,7,2010,9.1,Active,Lucknow,
2559,Mohit Verma,41,Female,Marketing,Marketing Analyst,60000,21,2014,9.5,Active,Bangalore,
2599,Sneha Gupta,39,Female,Marketing,Marketing Analyst,60000,10,2015,5.7,Active,Chennai,
2601,Pooja Gupta,40,Female,Marketing,Marketing Executive,60000,17,2010,7.2,Active,Pune,
3148,Manish Verma,55,Male,Marketing,Marketing Analyst,60000,7,2021,7.4,Active,Delhi,
3342,Priya Agarwal,21,Male,Marketing,Marketing Executive,60000,1,2014,6.2,Active,Noida,
3701,Rahul Sharma,38,Male,Marketing,Marketing Executive,60000,1,2026,8.8,Active,Lucknow,
3745,Riya Verma,48,Female,Marketing,Marketing Analyst,60000,9,2023,6.4,Active,Chennai,
4062,Priya Yadav,43,Male,Marketing,Marketing Analyst,60000,5,2021,8.3,Active,Bangalore,
4090,Divya Yadav,47,Female,Marketing,Marketing Analyst,60000,21,2014,6.2,Inactive,Mumbai,
4157,Ananya Bansal,23,Male,Marketing,Marketing Analyst,60000,3,2020,8.7,Inactive,Kanpur,
4397,Ananya Gupta,36,Male,Marketing,Marketing Analyst,60000,19,2025,8.8,Active,Gurgaon,
4467,Simran Chauhan,41,Female,Marketing,Marketing Analyst,60000,8,2021,6.2,Active,Hyderabad,
4470,Ishita Chauhan,53,Male,Marketing,Marketing Executive,60000,19,2017,5.4,Active,Chennai,
4485,Rohan Patel,36,Female,Marketing,Marketing Executive,60000,4,2024,7.2,Active,Gurgaon,
4532,Meera Mishra,26,Female,Marketing,Marketing Executive,60000,7,2010,5.5,Active,Kanpur,
4642,Aditya Mehta,54,Female,Marketing,Marketing Analyst,60000,30,2026,7.4,Active,Noida,
4805,Akash Tiwari,46,Male,Marketing,Marketing Executive,60000,17,2018,9.7,Active,Kanpur,
4865,Akash Sinha,46,Male,Marketing,Marketing Analyst,60000,1,2025,5.2,Active,Hyderabad,
167,Ananya Singh,47,Female,Marketing,Marketing Executive,59000,26,2021,8.5,Active,Noida,
226,Arjun Kumar,34,Female,Marketing,Marketing Executive,59000,13,2020,7.0,Active,Hyderabad,
465,Rohan Yadav,54,Male,Marketing,Marketing Executive,59000,25,2014,7.8,Active,Delhi,
565,Riya Bansal,25,Male,Marketing,Marketing Analyst,59000,3,2013,6.0,On Leave,Noida,
864,Kavya Chauhan,39,Male,Marketing,Marketing Analyst,59000,23,2023,8.0,Inactive,Lucknow,
874,Shreya Chauhan,48,Female,Marketing,Marketing Executive,59000,3,2021,7.3,Active,Bangalore,
956,Sahil Agarwal,41,Female,Marketing,Marketing Analyst,59000,13,2026,7.5,Active,Kanpur,
992,Meera Jain,48,Male,Marketing,Marketing Executive,59000,24,2024,6.9,Active,Bangalore,
1509,Mohit Patel,38,Female,Marketing,Marketing Analyst,59000,1,2024,7.9,On Leave,Chennai,
1658,Nandini Mehta,25,Female,Marketing,Marketing Executive,59000,4,2021,5.1,Active,Hyderabad,
1734,Kavya Malhotra,48,Male,Marketing,Marketing Executive,59000,12,2025,6.7,Active,Lucknow,
1745,Akash Malhotra,36,Male,Marketing,Marketing Analyst,59000,15,2019,9.5,Active,Hyderabad,
1808,Nandini Tiwari,25,Male,Marketing,Marketing Executive,59000,2,2017,6.3,Active,Noida,
2080,Divya Chauhan,37,Male,Marketing,Marketing Executive,59000,8,2012,9.9,Active,Lucknow,
2950,Divya Malhotra,28,Male,Marketing,Marketing Executive,59000,11,2010,7.7,Active,Delhi,
3313,Amit Mishra,24,Male,Marketing,Marketing Analyst,59000,8,2016,5.4,Active,Lucknow,
3316,Arjun Mishra,26,Female,Marketing,Marketing Analyst,59000,8,2025,5.3,Active,Mumbai,
3452,Meera Mehta,51,Male,Marketing,Marketing Executive,59000,17,2020,7.4,Active,Pune,
3551,Rahul Bansal,46,Female,Marketing,Marketing Analyst,59000,23,2014,8.5,Active,Gurgaon,
3948,Vikram Agarwal,54,Female,Marketing,Marketing Analyst,59000,23,2024,7.2,Active,Mumbai,
4438,Manish Kumar,26,Female,Marketing,Marketing Analyst,59000,5,2012,7.2,Active,Noida,
4618,Manish Shah,55,Female,Marketing,Marketing Analyst,59000,10,2021,10.0,Active,Lucknow,
5044,Shreya Kumar,46,Male,Marketing,Marketing Analyst,59000,10,2012,5.7,Active,Pune,
5081,Rahul Patel,45,Male,Marketing,Marketing Executive,59000,10,2011,7.8,Active,Noida,
125,Akash Sharma,47,Male,Marketing,Marketing Executive,58000,15,2011,6.9,Inactive,Lucknow,
185,Akash Singh,53,Female,Marketing,Marketing Analyst,58000,17,2011,8.7,Active,Kanpur,
470,Karan Yadav,26,Female,Marketing,Marketing Executive,58000,3,2025,9.1,Active,Bangalore,
819,Mohit Gupta,26,Female,Marketing,Marketing Executive,58000,5,2019,8.0,Active,Chennai,
1007,Ananya Shah,45,Male,Marketing,Marketing Executive,58000,10,2011,6.3,Active,Bangalore,
1310,Karan Sharma,49,Male,Marketing,Marketing Analyst,58000,23,2021,9.6,Active,Gurgaon,
1472,Meera Chauhan,50,Male,Marketing,Marketing Executive,58000,16,2019,8.1,Active,Kanpur,
1825,Riya Joshi,23,Male,Marketing,Marketing Executive,58000,0,2016,7.1,On Leave,Noida,
1972,Aditya Singh,53,Male,Marketing,Marketing Analyst,58000,1,2017,7.3,Active,Delhi,
2260,Divya Mehta,46,Female,Marketing,Marketing Analyst,58000,5,2017,7.8,Inactive,Delhi,
2360,Karan Bansal,35,Female,Marketing,Marketing Analyst,58000,4,2024,8.6,Active,Bangalore,
2484,Kavya Pandey,48,Male,Marketing,Marketing Executive,58000,22,2015,8.7,Active,Chennai,
2563,Amit Singh,49,Female,Marketing,Marketing Analyst,58000,19,2026,7.9,Inactive,Bangalore,
2671,Ravi Chauhan,22,Male,Marketing,Marketing Analyst,58000,5,2014,8.0,Active,Bangalore,
2896,Arjun Saxena,28,Female,Marketing,Marketing Executive,58000,12,2020,7.8,Active,Delhi,
3034,Shreya Joshi,51,Female,Marketing,Marketing Analyst,58000,13,2019,6.8,Active,Delhi,
3209,Aarav Gupta,36,Female,Marketing,Marketing Executive,58000,18,2014,8.0,Active,Noida,
3619,Sneha Joshi,29,Female,Marketing,Marketing Analyst,58000,9,2013,6.9,Active,Noida,
4093,Amit Saxena,42,Female,Marketing,Marketing Executive,58000,5,2015,5.9,Active,Hyderabad,
4146,Tanvi Malhotra,48,Female,Marketing,Marketing Executive,58000,4,2024,8.6,Active,Delhi,
4457,Ananya Chauhan,29,Female,Marketing,Marketing Executive,58000,2,2011,6.6,Active,Gurgaon,
4949,Aarav Verma,40,Female,Marketing,Marketing Analyst,58000,6,2015,8.1,On Leave,Kanpur,
4956,Tanvi Verma,48,Female,Marketing,Marketing Executive,58000,29,2012,6.0,Active,Pune,
5047,Yash Kumar,25,Female,Marketing,Marketing Executive,58000,0,2023,6.4,Inactive,Lucknow,
371,Rahul Jain,30,Female,Marketing,Marketing Analyst,57000,11,2024,7.9,Active,Pune,
923,Nikhil Mishra,51,Female,Marketing,Marketing Executive,57000,6,2026,7.9,Active,Pune,
1242,Priya Sinha,31,Male,Marketing,Marketing Analyst,57000,9,2019,7.3,Active,Gurgaon,
1298,Nandini Pandey,49,Male,Marketing,Marketing Executive,57000,0,2025,7.0,Active,Delhi,
1661,Rahul Yadav,43,Female,Marketing,Marketing Executive,57000,21,2011,8.8,Active,Lucknow,
1674,Kavya Yadav,40,Male,Marketing,Marketing Executive,57000,4,2011,5.6,Active,Gurgaon,
1832,Meera Joshi,39,Female,Marketing,Marketing Executive,57000,20,2021,9.3,Active,Pune,
1984,Shreya Singh,30,Female,Marketing,Marketing Analyst,57000,3,2025,7.9,Active,Bangalore,
3130,Divya Sharma,33,Female,Marketing,Marketing Executive,57000,13,2021,5.2,Active,Bangalore,
3202,Aditya Gupta,35,Female,Marketing,Marketing Analyst,57000,4,2018,7.5,Active,Chennai,
3740,Karan Verma,23,Male,Marketing,Marketing Analyst,57000,2,2011,8.4,Active,Mumbai,
3758,Nandini Verma,35,Male,Marketing,Marketing Executive,57000,5,2023,6.3,Active,Mumbai,
3803,Nikhil Gupta,47,Male,Marketing,Marketing Executive,57000,20,2013,8.7,Active,Chennai,
3923,Nikhil Mishra,37,Female,Marketing,Marketing Executive,57000,0,2018,8.7,Active,Kanpur,
3974,Neha Jain,55,Male,Marketing,Marketing Analyst,57000,23,2018,7.4,Active,Mumbai,
3978,Vikram Jain,43,Female,Marketing,Marketing Analyst,57000,13,2021,5.6,Inactive,Pune,
4070,Karan Yadav,39,Female,Marketing,Marketing Analyst,57000,13,2017,7.5,Active,Gurgaon,
4222,Aditya Joshi,46,Male,Marketing,Marketing Analyst,57000,26,2014,8.8,On Leave,Kanpur,
4356,Tanvi Verma,39,Female,Marketing,Marketing Executive,57000,8,2016,5.5,On Leave,Lucknow,
4579,Sneha Jain,34,Female,Marketing,Marketing Executive,57000,1,2023,8.4,Active,Pune,
4615,Riya Shah,34,Female,Marketing,Marketing Analyst,57000,18,2019,8.9,Active,Chennai,
4639,Sneha Mehta,34,Female,Marketing,Marketing Executive,57000,2,2011,6.8,Active,Chennai,
4800,Ishita Tiwari,24,Male,Marketing,Marketing Analyst,57000,3,2020,6.3,Active,Gurgaon,
4996,Arjun Gupta,44,Male,Marketing,Marketing Analyst,57000,1,2010,5.4,Active,Chennai,
5056,Arjun Chauhan,26,Male,Marketing,Marketing Analyst,57000,5,2016,9.9,Active,Kanpur,
5070,Ishita Chauhan,28,Male,Marketing,Marketing Analyst,57000,2,2025,6.0,Active,Noida,
379,Sneha Jain,32,Female,Marketing,Marketing Analyst,56000,5,2016,8.0,Active,Mumbai,
555,Rohan Bansal,32,Female,Marketing,Marketing Analyst,56000,4,2017,6.2,Active,Mumbai,
835,Riya Kumar,53,Male,Marketing,Marketing Analyst,56000,28,2025,9.9,Active,Pune,
895,Riya Patel,49,Male,Marketing,Marketing Analyst,56000,30,2024,6.0,Active,Pune,
1371,Pooja Singh,23,Female,Marketing,Marketing Analyst,56000,4,2018,8.1,Inactive,Kanpur,
1405,Riya Gupta,48,Female,Marketing,Marketing Analyst,56000,1,2013,7.3,Active,Gurgaon,
1517,Ananya Mishra,36,Female,Marketing,Marketing Executive,56000,8,2024,8.8,Active,Noida,
1537,Yash Mishra,47,Male,Marketing,Marketing Executive,56000,12,2015,6.6,Active,Pune,
1632,Priya Mehta,35,Female,Marketing,Marketing Executive,56000,18,2012,7.5,On Leave,Pune,
1654,Shreya Mehta,35,Female,Marketing,Marketing Executive,56000,10,2021,7.6,On Leave,Mumbai,
1670,Karan Yadav,55,Female,Marketing,Marketing Analyst,56000,3,2018,7.8,Active,Delhi,
1758,Vikram Bansal,33,Female,Marketing,Marketing Executive,56000,0,2017,5.1,Active,Lucknow,
1821,Pooja Joshi,23,Female,Marketing,Marketing Analyst,56000,5,2026,7.3,Active,Kanpur,
1908,Vikram Sharma,32,Male,Marketing,Marketing Executive,56000,10,2022,9.8,Active,Gurgaon,
1916,Sahil Sharma,36,Female,Marketing,Marketing Analyst,56000,13,2010,9.8,Active,Delhi,
1948,Manish Verma,41,Male,Marketing,Marketing Executive,56000,3,2015,9.4,Active,Delhi,
2242,Aditya Mehta,23,Male,Marketing,Marketing Executive,56000,6,2018,8.2,Active,Delhi,
2254,Shreya Mehta,35,Male,Marketing,Marketing Analyst,56000,13,2015,5.3,Active,Mumbai,
2569,Sneha Singh,21,Female,Marketing,Marketing Analyst,56000,2,2024,9.3,Active,Hyderabad,
3038,Nandini Joshi,33,Male,Marketing,Marketing Analyst,56000,4,2010,6.3,Active,Gurgaon,
3101,Rahul Sharma,46,Female,Marketing,Marketing Executive,56000,12,2020,6.4,On Leave,Hyderabad,
3289,Sneha Patel,46,Female,Marketing,Marketing Analyst,56000,1,2011,7.2,Inactive,Pune,
3907,Yash Patel,45,Male,Marketing,Marketing Analyst,56000,25,2020,6.9,Active,Bangalore,
3966,Tanvi Agarwal,42,Male,Marketing,Marketing Analyst,56000,24,2010,9.4,Active,Chennai,
4031,Rahul Mehta,35,Male,Marketing,Marketing Analyst,56000,15,2018,6.4,Inactive,Lucknow,
4434,Kavya Kumar,36,Female,Marketing,Marketing Analyst,56000,13,2025,7.5,Active,Hyderabad,
4472,Meera Chauhan,49,Female,Marketing,Marketing Analyst,56000,2,2018,8.8,Active,Pune,
4512,Priya Mishra,36,Female,Marketing,Marketing Analyst,56000,17,2010,8.7,Inactive,Gurgaon,
4966,Arjun Singh,22,Female,Marketing,Marketing Executive,56000,0,2022,8.9,On Leave,Noida,
4990,Divya Singh,43,Female,Marketing,Marketing Analyst,56000,7,2019,7.0,Active,Pune,
5048,Nandini Kumar,27,Female,Marketing,Marketing Executive,56000,4,2019,7.7,Active,Chennai,
238,Manish Kumar,48,Female,Marketing,Marketing Executive,55000,0,2023,8.5,Active,Delhi,
621,Pooja Joshi,28,Female,Marketing,Marketing Analyst,55000,3,2015,7.9,Active,Mumbai,
638,Nandini Joshi,44,Female,Marketing,Marketing Analyst,55000,14,2011,8.0,Active,Lucknow,
794,Neha Gupta,48,Female,Marketing,Marketing Analyst,55000,11,2019,6.8,Inactive,Noida,
872,Meera Chauhan,54,Male,Marketing,Marketing Executive,55000,10,2025,7.8,Inactive,Chennai,
962,Meera Agarwal,29,Male,Marketing,Marketing Executive,55000,0,2023,5.5,Active,Kanpur,
1070,Karan Yadav,38,Male,Marketing,Marketing Analyst,55000,20,2013,5.4,Active,Noida,
1111,Ravi Saxena,43,Male,Marketing,Marketing Executive,55000,22,2011,5.2,Active,Hyderabad,
1172,Meera Bansal,25,Female,Marketing,Marketing Executive,55000,4,2024,7.6,Active,Lucknow,
1226,Sahil Joshi,24,Female,Marketing,Marketing Executive,55000,6,2016,5.9,Active,Gurgaon,
1243,Amit Sinha,28,Female,Marketing,Marketing Analyst,55000,0,2023,8.3,Active,Lucknow,
1548,Vikram Agarwal,41,Female,Marketing,Marketing Executive,55000,4,2023,7.2,Active,Kanpur,
1609,Sneha Shah,22,Male,Marketing,Marketing Executive,55000,3,2018,5.9,Active,Chennai,
1852,Aditya Sinha,45,Male,Marketing,Marketing Executive,55000,4,2016,9.8,Active,Lucknow,
2135,Akash Mishra,35,Female,Marketing,Marketing Analyst,55000,18,2019,5.8,Active,Bangalore,
2303,Nikhil Saxena,39,Female,Marketing,Marketing Executive,55000,17,2012,5.9,Active,Lucknow,
2305,Riya Saxena,43,Female,Marketing,Marketing Executive,55000,13,2018,7.5,Active,Chennai,
2600,Karan Gupta,24,Female,Marketing,Marketing Analyst,55000,5,2017,5.5,Active,Bangalore,
2998,Manish Tiwari,25,Male,Marketing,Marketing Executive,55000,3,2019,6.5,Active,Delhi,
3047,Ananya Sinha,55,Female,Marketing,Marketing Executive,55000,12,2025,7.3,Active,Noida,
3254,Neha Chauhan,44,Male,Marketing,Marketing Executive,55000,26,2017,7.5,Inactive,Chennai,
3281,Rahul Patel,24,Female,Marketing,Marketing Executive,55000,6,2026,7.6,Active,Mumbai,
3470,Karan Yadav,53,Female,Marketing,Marketing Executive,55000,24,2022,8.0,Active,Hyderabad,
3847,Yash Kumar,49,Male,Marketing,Marketing Executive,55000,15,2014,8.3,Active,Gurgaon,
3858,Vikram Chauhan,21,Female,Marketing,Marketing Analyst,55000,3,2019,8.3,Active,Pune,
4104,Kavya Saxena,51,Male,Marketing,Marketing Executive,55000,17,2016,9.9,Active,Lucknow,
4201,Ravi Tiwari,22,Male,Marketing,Marketing Executive,55000,1,2018,9.9,Active,Pune,
4256,Sahil Sinha,24,Male,Marketing,Marketing Executive,55000,2,2023,8.2,Active,Gurgaon,
4454,Neha Chauhan,36,Male,Marketing,Marketing Analyst,55000,3,2026,7.1,Active,Delhi,
4985,Akash Singh,33,Female,Marketing,Marketing Executive,55000,4,2026,6.5,Active,Pune,
235,Riya Kumar,28,Female,Marketing,Marketing Executive,54000,5,2025,5.2,Active,Gurgaon,
667,Yash Sinha,35,Male,Marketing,Marketing Executive,54000,1,2023,8.7,Inactive,Mumbai,
986,Sahil Jain,22,Female,Marketing,Marketing Executive,54000,1,2012,9.5,Active,Noida,
1279,Sneha Pandey,26,Male,Marketing,Marketing Executive,54000,8,2011,5.2,Active,Hyderabad,
1617,Simran Shah,25,Female,Marketing,Marketing Executive,54000,7,2014,9.2,Active,Mumbai,
1800,Ishita Tiwari,21,Male,Marketing,Marketing Executive,54000,4,2024,5.5,Inactive,Gurgaon,
2029,Sneha Kumar,32,Male,Marketing,Marketing Executive,54000,11,2024,10.0,Active,Lucknow,
2771,Rahul Jain,53,Female,Marketing,Marketing Executive,54000,20,2011,8.9,Active,Kanpur,
2914,Shreya Saxena,21,Male,Marketing,Marketing Executive,54000,0,2015,7.8,Active,Chennai,
3379,Sneha Jain,39,Male,Marketing,Marketing Executive,54000,19,2011,5.7,Active,Lucknow,
3642,Priya Sinha,28,Female,Marketing,Marketing Executive,54000,0,2019,5.7,Active,Gurgaon,
3970,Divya Agarwal,52,Male,Marketing,Marketing Executive,54000,8,2017,9.4,Active,Kanpur,
4287,Simran Pandey,33,Female,Marketing,Marketing Executive,54000,14,2011,7.3,Active,Lucknow,
4938,Vikram Verma,23,Female,Marketing,Marketing Executive,54000,3,2024,7.5,Active,Mumbai,
338,Nandini Mishra,54,Female,Marketing,Marketing Executive,53000,4,2016,8.2,Inactive,Hyderabad,
515,Akash Saxena,52,Male,Marketing,Marketing Executive,53000,4,2016,5.6,On Leave,Mumbai,
1012,Aditya Shah,21,Male,Marketing,Marketing Executive,53000,0,2021,6.0,Active,Kanpur,
1015,Riya Shah,55,Male,Marketing,Marketing Executive,53000,12,2016,6.8,Active,Pune,
1473,Varun Chauhan,35,Female,Marketing,Marketing Executive,53000,10,2017,7.7,Active,Mumbai,
1719,Mohit Saxena,50,Male,Marketing,Marketing Executive,53000,4,2014,6.5,Active,Chennai,
1967,Ananya Singh,44,Female,Marketing,Marketing Executive,53000,9,2018,9.2,Active,Lucknow,
2409,Mohit Tiwari,34,Female,Marketing,Marketing Executive,53000,9,2013,8.7,Active,Chennai,
2454,Kavya Sinha,47,Female,Marketing,Marketing Executive,53000,26,2018,7.9,On Leave,Chennai,
3870,Ishita Chauhan,55,Female,Marketing,Marketing Executive,53000,16,2011,8.7,Active,Gurgaon,
3899,Aarav Patel,53,Male,Marketing,Marketing Executive,53000,14,2017,6.6,Active,Lucknow,
4099,Sneha Saxena,32,Male,Marketing,Marketing Executive,53000,16,2024,6.6,Active,Gurgaon,
4263,Varun Sinha,33,Female,Marketing,Marketing Executive,53000,3,2024,6.8,Active,Delhi,
4316,Sahil Sharma,23,Male,Marketing,Marketing Executive,53000,2,2018,8.5,On Leave,Chennai,
4623,Varun Shah,31,Female,Marketing,Marketing Executive,53000,13,2023,9.1,Active,Bangalore,
5067,Simran Chauhan,44,Male,Marketing,Marketing Executive,53000,2,2021,8.1,Active,Lucknow,
1701,Pooja Saxena,45,Female,Marketing,Marketing Executive,52000,5,2020,7.0,Active,Lucknow,
2071,Ravi Chauhan,38,Female,Marketing,Marketing Executive,52000,1,2014,9.2,Active,Bangalore,
2258,Nandini Mehta,31,Male,Marketing,Marketing Executive,52000,14,2015,9.4,Active,Pune,
3286,Arjun Patel,25,Female,Marketing,Marketing Executive,52000,0,2015,8.8,Active,Mumbai,
3354,Kavya Agarwal,55,Female,Marketing,Marketing Executive,52000,5,2012,6.4,Active,Mumbai,
3493,Amit Saxena,30,Female,Marketing,Marketing Executive,52000,5,2012,8.8,Active,Pune,
3516,Tanvi Saxena,29,Female,Marketing,Marketing Executive,52000,2,2026,9.0,Active,Lucknow,
3652,Aditya Sinha,37,Female,Marketing,Marketing Executive,52000,0,2022,7.1,Inactive,Hyderabad,
4483,Amit Patel,25,Male,Marketing,Marketing Executive,52000,2,2019,8.5,Active,Gurgaon,
4721,Rahul Malhotra,50,Male,Marketing,Marketing Executive,52000,19,2013,7.8,Active,Lucknow,
4857,Simran Sinha,49,Male,Marketing,Marketing Executive,52000,9,2011,8.4,Active,Delhi,
4984,Shreya Singh,47,Male,Marketing,Marketing Executive,52000,2,2022,9.0,Active,Kanpur,
139,Sneha Verma,31,Female,Marketing,Marketing Executive,51000,5,2020,9.0,On Leave,Mumbai,
434,Neha Mehta,28,Female,Marketing,Marketing Executive,51000,0,2023,7.5,Active,Pune,
1322,Meera Sharma,38,Female,Marketing,Marketing Executive,51000,15,2019,9.9,Active,Mumbai,
1847,Ananya Sinha,29,Male,Marketing,Marketing Executive,51000,12,2015,8.0,Active,Delhi,
2250,Ishita Mehta,30,Male,Marketing,Marketing Executive,51000,11,2012,5.9,Active,Delhi,
2354,Neha Bansal,25,Male,Marketing,Marketing Executive,51000,6,2013,9.0,Active,Lucknow,
2491,Ravi Pandey,24,Female,Marketing,Marketing Executive,51000,5,2012,9.2,Active,Kanpur,
2654,Neha Chauhan,23,Female,Marketing,Marketing Executive,51000,2,2018,5.7,On Leave,Kanpur,
2805,Rohan Shah,48,Female,Marketing,Marketing Executive,51000,3,2020,8.6,Active,Chennai,
3060,Ishita Sinha,39,Male,Marketing,Marketing Executive,51000,23,2017,6.7,Active,Hyderabad,
3126,Tanvi Sharma,23,Male,Marketing,Marketing Executive,51000,1,2022,5.1,Active,Gurgaon,
3335,Akash Mishra,29,Male,Marketing,Marketing Executive,51000,8,2013,9.4,Active,Noida,
3495,Rohan Saxena,41,Male,Marketing,Marketing Executive,51000,24,2022,5.3,Active,Chennai,
4524,Kavya Mishra,41,Male,Marketing,Marketing Executive,51000,23,2019,9.8,Active,Chennai,
4655,Akash Mehta,48,Male,Marketing,Marketing Executive,51000,29,2020,9.9,Active,Hyderabad,
151,Ravi Verma,45,Male,Marketing,Marketing Executive,50000,15,2010,8.9,Active,Noida,
214,Shreya Gupta,40,Male,Marketing,Marketing Executive,50000,20,2011,6.5,Active,Delhi,
232,Aditya Kumar,30,Male,Marketing,Marketing Executive,50000,9,2010,8.7,Active,Pune,
741,Pooja Verma,46,Male,Marketing,Marketing Executive,50000,5,2023,8.1,Active,Chennai,
899,Aarav Patel,43,Male,Marketing,Marketing Executive,50000,14,2019,7.3,Active,Noida,
1031,Rahul Mehta,29,Male,Marketing,Marketing Executive,50000,11,2016,5.1,Active,Hyderabad,
1099,Sneha Saxena,47,Male,Marketing,Marketing Executive,50000,3,2018,7.4,Active,Hyderabad,
1464,Kavya Chauhan,41,Male,Marketing,Marketing Executive,50000,24,2019,7.8,Active,Hyderabad,
1765,Riya Bansal,27,Female,Marketing,Marketing Executive,50000,8,2016,8.9,Active,Delhi,
2167,Yash Agarwal,27,Male,Marketing,Marketing Executive,50000,0,2022,6.8,On Leave,Noida,
2328,Vikram Malhotra,52,Female,Marketing,Marketing Executive,50000,5,2023,7.0,Active,Mumbai,
2356,Arjun Bansal,40,Female,Marketing,Marketing Executive,50000,7,2017,6.5,Active,Bangalore,
2778,Vikram Jain,33,Male,Marketing,Marketing Executive,50000,10,2026,9.6,Active,Pune,
3381,Pooja Jain,44,Male,Marketing,Marketing Executive,50000,11,2011,7.1,Active,Delhi,
3889,Sneha Patel,47,Female,Marketing,Marketing Executive,50000,28,2011,9.8,Active,Hyderabad,
4254,Kavya Sinha,50,Male,Marketing,Marketing Executive,50000,19,2021,8.8,Active,Kanpur,
4658,Nandini Mehta,41,Female,Marketing,Marketing Executive,50000,19,2025,8.0,Active,Lucknow,
328,Manish Mishra,23,Female,Marketing,Marketing Executive,49000,4,2023,10.0,Active,Pune,
772,Aditya Singh,21,Female,Marketing,Marketing Executive,49000,5,2021,6.2,Inactive,Kanpur,
1104,Kavya Saxena,46,Male,Marketing,Marketing Executive,49000,16,2013,5.6,Active,Kanpur,
1144,Shreya Malhotra,44,Female,Marketing,Marketing Executive,49000,17,2011,6.8,On Leave,Bangalore,
1560,Ishita Agarwal,26,Male,Marketing,Marketing Executive,49000,8,2026,7.3,Active,Mumbai,
2147,Ananya Agarwal,46,Male,Marketing,Marketing Executive,49000,9,2017,7.3,Inactive,Bangalore,
2154,Kavya Agarwal,37,Male,Marketing,Marketing Executive,49000,8,2025,8.2,Active,Kanpur,
2193,Varun Jain,32,Male,Marketing,Marketing Executive,49000,14,2021,7.8,Active,Hyderabad,
2490,Ishita Pandey,46,Female,Marketing,Marketing Executive,49000,5,2023,5.0,Inactive,Hyderabad,
2686,Arjun Patel,22,Female,Marketing,Marketing Executive,49000,0,2020,6.1,Active,Mumbai,
2985,Rohan Tiwari,32,Male,Marketing,Marketing Executive,49000,6,2022,7.9,Active,Lucknow,
3327,Simran Mishra,45,Male,Marketing,Marketing Executive,49000,7,2023,9.4,Inactive,Pune,
3508,Manish Saxena,49,Female,Marketing,Marketing Executive,49000,15,2018,7.6,Active,Delhi,
4058,Nandini Mehta,24,Male,Marketing,Marketing Executive,49000,8,2025,7.7,Active,Kanpur,
4545,Rohan Agarwal,49,Male,Marketing,Marketing Executive,49000,23,2026,9.9,Active,Hyderabad,
224,Neha Kumar,52,Male,Marketing,Marketing Executive,48000,22,2020,5.3,Active,Gurgaon,
1040,Karan Mehta,21,Female,Marketing,Marketing Executive,48000,1,2012,7.6,Active,Pune,
1218,Vikram Joshi,41,Female,Marketing,Marketing Executive,48000,24,2018,8.6,Active,Mumbai,
2136,Tanvi Mishra,45,Male,Marketing,Marketing Executive,48000,4,2019,6.3,Active,Bangalore,
2948,Nandini Malhotra,36,Male,Marketing,Marketing Executive,48000,8,2019,5.7,Active,Noida,
3253,Amit Chauhan,42,Female,Marketing,Marketing Executive,48000,24,2023,6.8,Active,Gurgaon,
3594,Kavya Tiwari,47,Female,Marketing,Marketing Executive,48000,22,2017,6.6,Active,Kanpur,
4274,Neha Pandey,34,Male,Marketing,Marketing Executive,48000,14,2011,7.4,Active,Chennai,
4922,Meera Sharma,50,Male,Marketing,Marketing Executive,48000,6,2018,8.4,Active,Mumbai,
364,Shreya Agarwal,40,Female,Marketing,Marketing Executive,47000,8,2015,6.4,Active,Delhi,
1222,Aditya Joshi,53,Female,Marketing,Marketing Executive,47000,6,2018,5.8,Active,Gurgaon,
1483,Amit Patel,29,Female,Marketing,Marketing Executive,47000,11,2016,6.9,Active,Bangalore,
1787,Ananya Tiwari,21,Female,Marketing,Marketing Executive,47000,3,2011,7.6,Active,Delhi,
1872,Priya Pandey,46,Female,Marketing,Marketing Executive,47000,29,2013,7.5,Active,Mumbai,
2574,Kavya Singh,24,Male,Marketing,Marketing Executive,47000,7,2019,7.9,On Leave,Kanpur,
3240,Ishita Kumar,28,Female,Marketing,Marketing Executive,47000,11,2021,6.2,Active,Kanpur,
3817,Yash Gupta,30,Male,Marketing,Marketing Executive,47000,14,2018,8.7,Active,Gurgaon,
4433,Nikhil Kumar,50,Female,Marketing,Marketing Executive,47000,27,2025,6.1,Active,Noida,
4739,Aarav Malhotra,47,Female,Marketing,Marketing Executive,47000,28,2017,7.0,Active,Noida,
191,Rahul Gupta,49,Male,Marketing,Marketing Executive,46000,28,2017,6.6,Active,Pune,
749,Aarav Verma,52,Male,Marketing,Marketing Executive,46000,17,2020,6.7,Active,Pune,
1186,Arjun Tiwari,36,Male,Marketing,Marketing Executive,46000,0,2010,9.0,On Leave,Noida,
1260,Ishita Sinha,50,Female,Marketing,Marketing Executive,46000,13,2019,5.6,Active,Gurgaon,
1726,Arjun Malhotra,45,Female,Marketing,Marketing Executive,46000,8,2011,5.1,Active,Pune,
2388,Vikram Tiwari,54,Male,Marketing,Marketing Executive,46000,4,2012,6.0,Inactive,Gurgaon,
2716,Arjun Mishra,25,Female,Marketing,Marketing Executive,46000,8,2022,7.1,Active,Chennai,
3275,Akash Chauhan,47,Female,Marketing,Marketing Executive,46000,0,2018,9.7,Active,Noida,
4028,Nandini Shah,47,Male,Marketing,Marketing Executive,46000,10,2017,7.2,Active,Bangalore,
4326,Tanvi Sharma,36,Male,Marketing,Marketing Executive,46000,10,2022,6.7,Active,Hyderabad,
4394,Neha Gupta,46,Female,Marketing,Marketing Executive,46000,28,2011,6.0,Active,Delhi,
4731,Pooja Malhotra,51,Female,Marketing,Marketing Executive,46000,13,2026,9.1,Inactive,Chennai,
349,Sneha Agarwal,51,Male,Marketing,Marketing Executive,45000,21,2023,5.1,Active,Noida,
891,Pooja Patel,22,Female,Marketing,Marketing Executive,45000,0,2015,7.3,Active,Gurgaon,
1134,Kavya Malhotra,27,Male,Marketing,Marketing Executive,45000,8,2017,6.1,Active,Hyderabad,
1161,Pooja Bansal,30,Female,Marketing,Marketing Executive,45000,9,2014,7.7,Inactive,Delhi,
1480,Divya Chauhan,53,Female,Marketing,Marketing Executive,45000,3,2022,7.0,On Leave,Hyderabad,
2051,Rahul Chauhan,51,Female,Marketing,Marketing Executive,45000,22,2012,5.9,Active,Delhi,
3515,Akash Saxena,47,Male,Marketing,Marketing Executive,45000,25,2017,9.3,Active,Pune,
3637,Yash Joshi,32,Female,Marketing,Marketing Executive,45000,16,2018,7.0,Active,Pune,
4797,Simran Tiwari,42,Male,Marketing,Marketing Executive,45000,7,2020,8.9,On Leave,Bangalore,
5038,Manish Kumar,32,Male,Marketing,Marketing Executive,45000,0,2010,7.0,Active,Hyderabad,
